country_code,cat_name,end_use,carrier_name,0
AUT,household,water_heating,biomass,0.8917080392744577
AUT,household,space_heating,biomass,16.184312112825264
AUT,household,cooking,biomass,0.17695689603941273
AUT,household,water_heating,electricity,2.075639350492267
AUT,household,space_heating,electricity,4.017491178628811
AUT,household,cooking,electricity,1.857469102300387
AUT,household,water_heating,heat,1.1328239821239139
AUT,household,space_heating,heat,6.780083359248346
AUT,household,cooking,heat,0.0
AUT,household,water_heating,natural_gas,2.1120027525435434
AUT,household,space_heating,natural_gas,10.172107928485953
AUT,household,cooking,natural_gas,0.17326084988945753
AUT,household,water_heating,oil,0.6139530795273795
AUT,household,space_heating,oil,9.797997113141875
AUT,household,cooking,oil,0.005200502995937185
AUT,household,water_heating,other_renewable,0.0
AUT,household,space_heating,other_renewable,0.0
AUT,household,cooking,other_renewable,0.0
AUT,household,water_heating,solar_thermal,1.4724279383873076
AUT,household,space_heating,solar_thermal,0.09997973222045296
AUT,household,cooking,solar_thermal,0.0
AUT,household,water_heating,solid_fossil,0.016040396188113554
AUT,household,space_heating,solid_fossil,0.24463267566544467
AUT,household,cooking,solid_fossil,0.0033145149095177235
BEL,household,water_heating,biomass,0.22059907788047198
BEL,household,space_heating,biomass,5.650708148503142
BEL,household,cooking,biomass,0.0
BEL,household,water_heating,electricity,2.071996558912278
BEL,household,space_heating,electricity,4.056227289371301
BEL,household,cooking,electricity,1.9022506875687808
BEL,household,water_heating,heat,0.031811505025858444
BEL,household,space_heating,heat,0.169210186022341
BEL,household,cooking,heat,0.0
BEL,household,water_heating,natural_gas,3.9011587316579903
BEL,household,space_heating,natural_gas,33.035372161179694
BEL,household,cooking,natural_gas,1.8792926637349368
BEL,household,water_heating,oil,3.4519326655447644
BEL,household,space_heating,oil,25.319643223831186
BEL,household,cooking,oil,1.0701749786612857
BEL,household,water_heating,other_renewable,0.0
BEL,household,space_heating,other_renewable,0.0
BEL,household,cooking,other_renewable,0.0
BEL,household,water_heating,solar_thermal,0.22084158897453463
BEL,household,space_heating,solar_thermal,0.005847767462096197
BEL,household,cooking,solar_thermal,0.0
BEL,household,water_heating,solid_fossil,0.03116172474239997
BEL,household,space_heating,solid_fossil,0.9028496820702149
BEL,household,cooking,solid_fossil,0.0
BGR,household,water_heating,biomass,0.3585863802226576
BGR,household,space_heating,biomass,8.007936973201858
BGR,household,cooking,biomass,0.17030864357566874
BGR,household,water_heating,electricity,1.620354552899028
BGR,household,space_heating,electricity,2.00272383876011
BGR,household,cooking,electricity,1.1547019836049257
BGR,household,water_heating,heat,0.7839628551195352
BGR,household,space_heating,heat,2.7964286755314576
BGR,household,cooking,heat,0.0
BGR,household,water_heating,natural_gas,0.44358365025035096
BGR,household,space_heating,natural_gas,0.23151801630536703
BGR,household,cooking,natural_gas,0.12004026819904054
BGR,household,water_heating,oil,0.036446773672197806
BGR,household,space_heating,oil,0.21369749769760757
BGR,household,cooking,oil,0.0006986238156532738
BGR,household,water_heating,other_renewable,0.0
BGR,household,space_heating,other_renewable,0.0
BGR,household,cooking,other_renewable,0.0
BGR,household,water_heating,solar_thermal,0.06960182411107048
BGR,household,space_heating,solar_thermal,0.03118174292426284
BGR,household,cooking,solar_thermal,0.0
BGR,household,water_heating,solid_fossil,0.16473589141083203
BGR,household,space_heating,solid_fossil,1.3928448927808081
BGR,household,cooking,solid_fossil,0.0
CYP,household,water_heating,biomass,0.03501035768984624
CYP,household,space_heating,biomass,0.0016353498839481037
CYP,household,cooking,biomass,0.0
CYP,household,water_heating,electricity,0.06527669625705243
CYP,household,space_heating,electricity,0.040865942396912186
CYP,household,cooking,electricity,0.30564370981879174
CYP,household,water_heating,heat,0.0
CYP,household,space_heating,heat,0.0
CYP,household,cooking,heat,0.0
CYP,household,water_heating,natural_gas,0.0
CYP,household,space_heating,natural_gas,0.0
CYP,household,cooking,natural_gas,0.0
CYP,household,water_heating,oil,0.17358688027903388
CYP,household,space_heating,oil,0.8965276497526374
CYP,household,cooking,oil,0.2514964379980995
CYP,household,water_heating,other_renewable,0.0
CYP,household,space_heating,other_renewable,0.0
CYP,household,cooking,other_renewable,0.0
CYP,household,water_heating,solar_thermal,0.7513696479055039
CYP,household,space_heating,solar_thermal,0.19265024541678302
CYP,household,cooking,solar_thermal,0.0
CYP,household,water_heating,solid_fossil,0.0
CYP,household,space_heating,solid_fossil,0.0
CYP,household,cooking,solid_fossil,0.0
CZE,household,water_heating,biomass,0.804091066410885
CZE,household,space_heating,biomass,13.546088226465978
CZE,household,cooking,biomass,0.45246542635060416
CZE,household,water_heating,electricity,1.6409577738730814
CZE,household,space_heating,electricity,4.354845661855452
CZE,household,cooking,electricity,2.9470074788865674
CZE,household,water_heating,heat,4.027965947694217
CZE,household,space_heating,heat,9.565531568049684
CZE,household,cooking,heat,0.0
CZE,household,water_heating,natural_gas,2.634523310004727
CZE,household,space_heating,natural_gas,16.232930281711138
CZE,household,cooking,natural_gas,1.6865635797726348
CZE,household,water_heating,oil,0.0
CZE,household,space_heating,oil,0.0
CZE,household,cooking,oil,0.0
CZE,household,water_heating,other_renewable,0.0
CZE,household,space_heating,other_renewable,0.0
CZE,household,cooking,other_renewable,0.0
CZE,household,water_heating,solar_thermal,0.09408611704343531
CZE,household,space_heating,solar_thermal,0.01186637997533327
CZE,household,cooking,solar_thermal,0.0
CZE,household,water_heating,solid_fossil,0.7434551948947822
CZE,household,space_heating,solid_fossil,5.5424866678475
CZE,household,cooking,solid_fossil,0.12674351497378109
DEU,household,water_heating,biomass,3.473888476401082
DEU,household,space_heating,biomass,58.486943656080996
DEU,household,cooking,biomass,0.0
DEU,household,water_heating,electricity,6.490201272290655
DEU,household,space_heating,electricity,19.950583753389452
DEU,household,cooking,electricity,23.514022136336894
DEU,household,water_heating,heat,13.516818366925932
DEU,household,space_heating,heat,43.23492106953305
DEU,household,cooking,heat,0.0
DEU,household,water_heating,natural_gas,48.55268762153487
DEU,household,space_heating,natural_gas,194.4222382757104
DEU,household,cooking,natural_gas,0.9788040344020322
DEU,household,water_heating,oil,27.221339585706637
DEU,household,space_heating,oil,125.88360236224196
DEU,household,cooking,oil,0.025901161064666552
DEU,household,water_heating,other_renewable,0.0
DEU,household,space_heating,other_renewable,0.0
DEU,household,cooking,other_renewable,0.0
DEU,household,water_heating,solar_thermal,7.264748266816649
DEU,household,space_heating,solar_thermal,0.21763330945149703
DEU,household,cooking,solar_thermal,0.0
DEU,household,water_heating,solid_fossil,0.0
DEU,household,space_heating,solid_fossil,7.23564433345954
DEU,household,cooking,solid_fossil,0.0
DNK,household,water_heating,biomass,0.9393402790889794
DNK,household,space_heating,biomass,8.694111828203052
DNK,household,cooking,biomass,0.0
DNK,household,water_heating,electricity,0.9196466888910229
DNK,household,space_heating,electricity,2.2806804543546346
DNK,household,cooking,electricity,1.2133159440314276
DNK,household,water_heating,heat,3.7803731150075097
DNK,household,space_heating,heat,14.393500281442439
DNK,household,cooking,heat,0.0
DNK,household,water_heating,natural_gas,1.3704592196905234
DNK,household,space_heating,natural_gas,5.838245277459027
DNK,household,cooking,natural_gas,0.031283692682808686
DNK,household,water_heating,oil,0.5804096819544318
DNK,household,space_heating,oil,2.3669470446990135
DNK,household,cooking,oil,0.0344497884584685
DNK,household,water_heating,other_renewable,0.0
DNK,household,space_heating,other_renewable,0.0
DNK,household,cooking,other_renewable,0.0
DNK,household,water_heating,solar_thermal,0.0852147779127608
DNK,household,space_heating,solar_thermal,0.024055391202738932
DNK,household,cooking,solar_thermal,0.0
DNK,household,water_heating,solid_fossil,0.0
DNK,household,space_heating,solid_fossil,0.0
DNK,household,cooking,solid_fossil,0.0
ESP,household,water_heating,biomass,1.0881623252700214
ESP,household,space_heating,biomass,27.046332137247347
ESP,household,cooking,biomass,0.29984562605376763
ESP,household,water_heating,electricity,3.683617251484873
ESP,household,space_heating,electricity,6.815152383161508
ESP,household,cooking,electricity,6.746096733407504
ESP,household,water_heating,heat,0.0
ESP,household,space_heating,heat,0.0
ESP,household,cooking,heat,0.0
ESP,household,water_heating,natural_gas,15.888297827998109
ESP,household,space_heating,natural_gas,27.160203446443138
ESP,household,cooking,natural_gas,5.415936100119517
ESP,household,water_heating,oil,29.196178175901167
ESP,household,space_heating,oil,1.2933614266938962
ESP,household,cooking,oil,0.0
ESP,household,water_heating,other_renewable,0.0
ESP,household,space_heating,other_renewable,0.0
ESP,household,cooking,other_renewable,0.0
ESP,household,water_heating,solar_thermal,2.086397272847366
ESP,household,space_heating,solar_thermal,0.36228727180206244
ESP,household,cooking,solar_thermal,0.0
ESP,household,water_heating,solid_fossil,0.19050322087325403
ESP,household,space_heating,solid_fossil,0.7282412840107024
ESP,household,cooking,solid_fossil,0.1312242052337663
EST,household,water_heating,biomass,0.21031367286142727
EST,household,space_heating,biomass,3.306018240767321
EST,household,cooking,biomass,0.12230669026919805
EST,household,water_heating,electricity,0.18923655534614744
EST,household,space_heating,electricity,1.0694313053915356
EST,household,cooking,electricity,0.42551068489754773
EST,household,water_heating,heat,0.3280828213924454
EST,household,space_heating,heat,2.6222059738222834
EST,household,cooking,heat,0.0
EST,household,water_heating,natural_gas,0.0701447533146506
EST,household,space_heating,natural_gas,0.40840579211051453
EST,household,cooking,natural_gas,0.08577362640346058
EST,household,water_heating,oil,0.010222298358299641
EST,household,space_heating,oil,0.028343495011536272
EST,household,cooking,oil,0.017441214467711734
EST,household,water_heating,other_renewable,0.0
EST,household,space_heating,other_renewable,0.0
EST,household,cooking,other_renewable,0.0
EST,household,water_heating,solar_thermal,0.0
EST,household,space_heating,solar_thermal,0.0
EST,household,cooking,solar_thermal,0.0
EST,household,water_heating,solid_fossil,0.005281979779547016
EST,household,space_heating,solid_fossil,0.08193484526522199
EST,household,cooking,solid_fossil,0.004604265884961257
FIN,household,water_heating,biomass,0.38913141492976616
FIN,household,space_heating,biomass,11.67381421270002
FIN,household,cooking,biomass,1.6200608618506034
FIN,household,water_heating,electricity,1.1656856497565733
FIN,household,space_heating,electricity,15.397664101845299
FIN,household,cooking,electricity,0.6304348791435743
FIN,household,water_heating,heat,1.750230436707084
FIN,household,space_heating,heat,15.42610170831415
FIN,household,cooking,heat,0.0
FIN,household,water_heating,natural_gas,0.0
FIN,household,space_heating,natural_gas,0.0
FIN,household,cooking,natural_gas,0.010294968967413541
FIN,household,water_heating,oil,0.5096643937083872
FIN,household,space_heating,oil,4.159031824305982
FIN,household,cooking,oil,0.0
FIN,household,water_heating,other_renewable,0.0
FIN,household,space_heating,other_renewable,0.0
FIN,household,cooking,other_renewable,0.0
FIN,household,water_heating,solar_thermal,0.0
FIN,household,space_heating,solar_thermal,0.0
FIN,household,cooking,solar_thermal,0.0
FIN,household,water_heating,solid_fossil,0.001685344397601856
FIN,household,space_heating,solid_fossil,0.040787786503192223
FIN,household,cooking,solid_fossil,0.0
FRA,household,water_heating,biomass,0.7183446780631821
FRA,household,space_heating,biomass,74.10753795782966
FRA,household,cooking,biomass,0.0
FRA,household,water_heating,electricity,13.31520158462642
FRA,household,space_heating,electricity,53.85041429806255
FRA,household,cooking,electricity,12.439878727385665
FRA,household,water_heating,heat,1.9157505766090506
FRA,household,space_heating,heat,11.032205986321179
FRA,household,cooking,heat,0.0
FRA,household,water_heating,natural_gas,11.202721450828527
FRA,household,space_heating,natural_gas,122.07517886949583
FRA,household,cooking,natural_gas,10.203749732503354
FRA,household,water_heating,oil,3.835459421245596
FRA,household,space_heating,oil,61.43014161701031
FRA,household,cooking,oil,5.270259056100041
FRA,household,water_heating,other_renewable,0.0
FRA,household,space_heating,other_renewable,0.0
FRA,household,cooking,other_renewable,0.0
FRA,household,water_heating,solar_thermal,0.38367017986104596
FRA,household,space_heating,solar_thermal,0.6953181166438205
FRA,household,cooking,solar_thermal,0.0
FRA,household,water_heating,solid_fossil,0.0363374304373099
FRA,household,space_heating,solid_fossil,1.7695778967607816
FRA,household,cooking,solid_fossil,0.0
GBR,household,water_heating,biomass,0.06677729512500806
GBR,household,space_heating,biomass,15.474222088859241
GBR,household,cooking,biomass,0.0
GBR,household,water_heating,electricity,14.574388786983386
GBR,household,space_heating,electricity,15.513893635049044
GBR,household,cooking,electricity,6.115161969846802
GBR,household,water_heating,heat,0.1417821331477766
GBR,household,space_heating,heat,0.4862705906432476
GBR,household,cooking,heat,0.0
GBR,household,water_heating,natural_gas,47.430740096438996
GBR,household,space_heating,natural_gas,213.6902290816406
GBR,household,cooking,natural_gas,5.854962096500379
GBR,household,water_heating,oil,7.270620099820794
GBR,household,space_heating,oil,23.04104164966503
GBR,household,cooking,oil,0.0
GBR,household,water_heating,other_renewable,0.0
GBR,household,space_heating,other_renewable,0.0
GBR,household,cooking,other_renewable,0.0
GBR,household,water_heating,solar_thermal,8.650780978537576e-06
GBR,household,space_heating,solar_thermal,1.349219021662425e-06
GBR,household,cooking,solar_thermal,0.0
GBR,household,water_heating,solid_fossil,0.8395286856279829
GBR,household,space_heating,solid_fossil,5.254089756147778
GBR,household,cooking,solid_fossil,0.0
GRC,household,water_heating,biomass,0.15848286982499626
GRC,household,space_heating,biomass,6.183468832357175
GRC,household,cooking,biomass,3.589310807641713
GRC,household,water_heating,electricity,1.1151644063562622
GRC,household,space_heating,electricity,3.064034027357578
GRC,household,cooking,electricity,7.4606450393473445
GRC,household,water_heating,heat,0.07877737842826396
GRC,household,space_heating,heat,0.4185592052603643
GRC,household,cooking,heat,0.0
GRC,household,water_heating,natural_gas,0.9983648989719086
GRC,household,space_heating,natural_gas,2.953771809870447
GRC,household,cooking,natural_gas,0.4096145596151496
GRC,household,water_heating,oil,3.485417191625439
GRC,household,space_heating,oil,14.822897369285254
GRC,household,cooking,oil,0.09626522296117038
GRC,household,water_heating,other_renewable,0.0
GRC,household,space_heating,other_renewable,0.0
GRC,household,cooking,other_renewable,0.0
GRC,household,water_heating,solar_thermal,1.4195597714967982
GRC,household,space_heating,solar_thermal,1.3388400486897685
GRC,household,cooking,solar_thermal,0.0
GRC,household,water_heating,solid_fossil,0.005203779753181647
GRC,household,space_heating,solid_fossil,0.016209073334733367
GRC,household,cooking,solid_fossil,0.01910334748002003
HRV,household,water_heating,biomass,0.4696539514011046
HRV,household,space_heating,biomass,12.368021447236956
HRV,household,cooking,biomass,0.43167003119181024
HRV,household,water_heating,electricity,0.9521790763557078
HRV,household,space_heating,electricity,0.3711261818897013
HRV,household,cooking,electricity,0.7453383817337389
HRV,household,water_heating,heat,0.3089517398943153
HRV,household,space_heating,heat,1.2000662889172113
HRV,household,cooking,heat,0.0
HRV,household,water_heating,natural_gas,0.885527980608398
HRV,household,space_heating,natural_gas,5.037127963640971
HRV,household,cooking,natural_gas,0.516759858281075
HRV,household,water_heating,oil,0.09049303935382502
HRV,household,space_heating,oil,1.2123095708685283
HRV,household,cooking,oil,0.22466680212347642
HRV,household,water_heating,other_renewable,0.0
HRV,household,space_heating,other_renewable,0.0
HRV,household,cooking,other_renewable,0.0
HRV,household,water_heating,solar_thermal,0.10024595371183675
HRV,household,space_heating,solar_thermal,0.018855833505450472
HRV,household,cooking,solar_thermal,0.0
HRV,household,water_heating,solid_fossil,0.0032667569551883087
HRV,household,space_heating,solid_fossil,0.04137596079706504
HRV,household,cooking,solid_fossil,0.0
HUN,household,water_heating,biomass,0.2682491418145925
HUN,household,space_heating,biomass,7.755175839192952
HUN,household,cooking,biomass,0.25198777779432197
HUN,household,water_heating,electricity,0.7907595328934415
HUN,household,space_heating,electricity,3.463664706599056
HUN,household,cooking,electricity,0.4057244221595326
HUN,household,water_heating,heat,0.5102268460172875
HUN,household,space_heating,heat,5.265398723310378
HUN,household,cooking,heat,0.0
HUN,household,water_heating,natural_gas,2.399224947891229
HUN,household,space_heating,natural_gas,27.91302094211225
HUN,household,cooking,natural_gas,1.5739496674498024
HUN,household,water_heating,oil,1.1194653299975201
HUN,household,space_heating,oil,0.0
HUN,household,cooking,oil,0.0
HUN,household,water_heating,other_renewable,0.0
HUN,household,space_heating,other_renewable,0.0
HUN,household,cooking,other_renewable,0.0
HUN,household,water_heating,solar_thermal,0.08161412618772815
HUN,household,space_heating,solar_thermal,0.03372762974226235
HUN,household,cooking,solar_thermal,0.0
HUN,household,water_heating,solid_fossil,0.07740504822371243
HUN,household,space_heating,solid_fossil,1.3011109871877233
HUN,household,cooking,solid_fossil,0.0
IRL,household,water_heating,biomass,0.005133730575873621
IRL,household,space_heating,biomass,0.30842901527496885
IRL,household,cooking,biomass,0.0
IRL,household,water_heating,electricity,0.9445597755739663
IRL,household,space_heating,electricity,1.936031166470084
IRL,household,cooking,electricity,1.1030197297152018
IRL,household,water_heating,heat,0.0
IRL,household,space_heating,heat,0.0
IRL,household,cooking,heat,0.0
IRL,household,water_heating,natural_gas,0.8440429122960054
IRL,household,space_heating,natural_gas,5.858780961863864
IRL,household,cooking,natural_gas,0.3671628821727666
IRL,household,water_heating,oil,1.7503243529676813
IRL,household,space_heating,oil,9.41287309860718
IRL,household,cooking,oil,0.09795638438191448
IRL,household,water_heating,other_renewable,0.0
IRL,household,space_heating,other_renewable,0.0
IRL,household,cooking,other_renewable,0.0
IRL,household,water_heating,solar_thermal,0.10606901018862726
IRL,household,space_heating,solar_thermal,0.004993587692336419
IRL,household,cooking,solar_thermal,0.0
IRL,household,water_heating,solid_fossil,0.6344194764312701
IRL,household,space_heating,solid_fossil,4.811727173039009
IRL,household,cooking,solid_fossil,0.0
ITA,household,water_heating,biomass,1.3973588361863298
ITA,household,space_heating,biomass,67.69319654537055
ITA,household,cooking,biomass,0.0
ITA,household,water_heating,electricity,11.527327585923631
ITA,household,space_heating,electricity,31.95542449699752
ITA,household,cooking,electricity,3.7995314464150187
ITA,household,water_heating,heat,1.6826580486520761
ITA,household,space_heating,heat,8.724447354585026
ITA,household,cooking,heat,0.0
ITA,household,water_heating,natural_gas,27.692232046940376
ITA,household,space_heating,natural_gas,159.38171274326655
ITA,household,cooking,natural_gas,12.876021359941424
ITA,household,water_heating,oil,2.021566411890083
ITA,household,space_heating,oil,20.408174000489506
ITA,household,cooking,oil,2.012885990258112
ITA,household,water_heating,other_renewable,0.0
ITA,household,space_heating,other_renewable,0.0
ITA,household,cooking,other_renewable,0.0
ITA,household,water_heating,solar_thermal,1.0043863881322483
ITA,household,space_heating,solar_thermal,0.6504777872232563
ITA,household,cooking,solar_thermal,0.0
ITA,household,water_heating,solid_fossil,0.0
ITA,household,space_heating,solid_fossil,0.0
ITA,household,cooking,solid_fossil,0.0
LTU,household,water_heating,biomass,0.2483974352973673
LTU,household,space_heating,biomass,5.035047621960325
LTU,household,cooking,biomass,0.17318676147365797
LTU,household,water_heating,electricity,0.08620132016190706
LTU,household,space_heating,electricity,0.027615664830150703
LTU,household,cooking,electricity,0.34817442736173443
LTU,household,water_heating,heat,0.8301662060457775
LTU,household,space_heating,heat,3.74184410649611
LTU,household,cooking,heat,0.0
LTU,household,water_heating,natural_gas,0.4893601383924654
LTU,household,space_heating,natural_gas,0.4828754600622993
LTU,household,cooking,natural_gas,0.7172302669257465
LTU,household,water_heating,oil,0.16505429458475326
LTU,household,space_heating,oil,0.22585045103796628
LTU,household,cooking,oil,0.0
LTU,household,water_heating,other_renewable,0.0
LTU,household,space_heating,other_renewable,0.0
LTU,household,cooking,other_renewable,0.0
LTU,household,water_heating,solar_thermal,0.0
LTU,household,space_heating,solar_thermal,0.0
LTU,household,cooking,solar_thermal,0.0
LTU,household,water_heating,solid_fossil,0.04045012288603955
LTU,household,space_heating,solid_fossil,0.6134998306766526
LTU,household,cooking,solid_fossil,0.0
LUX,household,water_heating,biomass,0.007172527247328302
LUX,household,space_heating,biomass,0.2916271114764803
LUX,household,cooking,biomass,0.0
LUX,household,water_heating,electricity,0.0805034540993723
LUX,household,space_heating,electricity,0.133148013016604
LUX,household,cooking,electricity,0.09268391733921426
LUX,household,water_heating,heat,1.0300434491330151e-06
LUX,household,space_heating,heat,8.969956550866988e-06
LUX,household,cooking,heat,0.0
LUX,household,water_heating,natural_gas,0.26673960065250507
LUX,household,space_heating,natural_gas,2.702723866509665
LUX,household,cooking,natural_gas,0.0983889758126828
LUX,household,water_heating,oil,0.13550934741928505
LUX,household,space_heating,oil,1.8814674568239196
LUX,household,cooking,oil,0.0
LUX,household,water_heating,other_renewable,0.0
LUX,household,space_heating,other_renewable,0.0
LUX,household,cooking,other_renewable,0.0
LUX,household,water_heating,solar_thermal,0.0
LUX,household,space_heating,solar_thermal,0.0
LUX,household,cooking,solar_thermal,0.0
LUX,household,water_heating,solid_fossil,0.0
LUX,household,space_heating,solid_fossil,0.0
LUX,household,cooking,solid_fossil,0.0
LVA,household,water_heating,biomass,0.4077961978441002
LVA,household,space_heating,biomass,5.294360292996571
LVA,household,cooking,biomass,0.14649387814170717
LVA,household,water_heating,electricity,0.2842729432059309
LVA,household,space_heating,electricity,0.1009870286681856
LVA,household,cooking,electricity,0.3217188187588815
LVA,household,water_heating,heat,0.6420328037182588
LVA,household,space_heating,heat,3.1184051640132675
LVA,household,cooking,heat,1.0519249706799183
LVA,household,water_heating,natural_gas,0.20521296968032174
LVA,household,space_heating,natural_gas,0.8302814244026375
LVA,household,cooking,natural_gas,0.28294649207864275
LVA,household,water_heating,oil,0.029118099350496692
LVA,household,space_heating,oil,0.364115553862129
LVA,household,cooking,oil,0.011037987567373191
LVA,household,water_heating,other_renewable,0.0
LVA,household,space_heating,other_renewable,0.0
LVA,household,cooking,other_renewable,0.0
LVA,household,water_heating,solar_thermal,0.0
LVA,household,space_heating,solar_thermal,0.0
LVA,household,cooking,solar_thermal,0.0
LVA,household,water_heating,solid_fossil,0.013745518993306487
LVA,household,space_heating,solid_fossil,0.11848195468969591
LVA,household,cooking,solid_fossil,0.018631611276737556
MLT,household,water_heating,biomass,0.002701531751671288
MLT,household,space_heating,biomass,0.010580697391912537
MLT,household,cooking,biomass,0.0
MLT,household,water_heating,electricity,0.09652550757237688
MLT,household,space_heating,electricity,0.22498822273386304
MLT,household,cooking,electricity,0.0
MLT,household,water_heating,heat,1.3322095803062686e-06
MLT,household,space_heating,heat,8.66779041969373e-06
MLT,household,cooking,heat,0.0
MLT,household,water_heating,natural_gas,1.767778498742437e-06
MLT,household,space_heating,natural_gas,8.232221501257877e-06
MLT,household,cooking,natural_gas,0.0
MLT,household,water_heating,oil,0.0
MLT,household,space_heating,oil,0.0
MLT,household,cooking,oil,0.0
MLT,household,water_heating,other_renewable,0.0
MLT,household,space_heating,other_renewable,0.0
MLT,household,cooking,other_renewable,0.0
MLT,household,water_heating,solar_thermal,0.0
MLT,household,space_heating,solar_thermal,0.0
MLT,household,cooking,solar_thermal,0.0
MLT,household,water_heating,solid_fossil,0.0
MLT,household,space_heating,solid_fossil,0.0
MLT,household,cooking,solid_fossil,0.0
NLD,household,water_heating,biomass,0.27003785480718495
NLD,household,space_heating,biomass,5.350861034552619
NLD,household,cooking,biomass,0.0
NLD,household,water_heating,electricity,1.2918385012948848
NLD,household,space_heating,electricity,3.4174424876538336
NLD,household,cooking,electricity,1.0559936937472372
NLD,household,water_heating,heat,0.5944428745657286
NLD,household,space_heating,heat,3.4533450569857784
NLD,household,cooking,heat,0.0
NLD,household,water_heating,natural_gas,10.15546792738921
NLD,household,space_heating,natural_gas,72.35559493444303
NLD,household,cooking,natural_gas,1.7011392319299268
NLD,household,water_heating,oil,0.03524725498959652
NLD,household,space_heating,oil,0.17577788331350674
NLD,household,cooking,oil,0.027088058092076855
NLD,household,water_heating,other_renewable,0.0
NLD,household,space_heating,other_renewable,0.0
NLD,household,cooking,other_renewable,0.0
NLD,household,water_heating,solar_thermal,0.29375063445435645
NLD,household,space_heating,solar_thermal,0.04751952349045316
NLD,household,cooking,solar_thermal,0.0
NLD,household,water_heating,solid_fossil,2.1468021033486762e-05
NLD,household,space_heating,solid_fossil,0.006516052200501374
NLD,household,cooking,solid_fossil,0.0
POL,household,water_heating,biomass,0.5736453339473506
POL,household,space_heating,biomass,24.52845925990312
POL,household,cooking,biomass,4.1244736843248635
POL,household,water_heating,electricity,5.129565092008212
POL,household,space_heating,electricity,4.732492652905072
POL,household,cooking,electricity,2.389611302483171
POL,household,water_heating,heat,6.063674674103152
POL,household,space_heating,heat,39.06839912660253
POL,household,cooking,heat,0.0
POL,household,water_heating,natural_gas,4.9336316720554
POL,household,space_heating,natural_gas,24.34382583639376
POL,household,cooking,natural_gas,13.581255680829129
POL,household,water_heating,oil,0.10615988102234633
POL,household,space_heating,oil,1.5832619642494856
POL,household,cooking,oil,0.0
POL,household,water_heating,other_renewable,0.0
POL,household,space_heating,other_renewable,0.0
POL,household,cooking,other_renewable,0.0
POL,household,water_heating,solar_thermal,0.08268033212344306
POL,household,space_heating,solar_thermal,0.01327143976224079
POL,household,cooking,solar_thermal,0.0
POL,household,water_heating,solid_fossil,3.6899061740775227
POL,household,space_heating,solid_fossil,69.69238215275273
POL,household,cooking,solid_fossil,0.0
PRT,household,water_heating,biomass,0.9113394904377385
PRT,household,space_heating,biomass,3.4959015858058686
PRT,household,cooking,biomass,3.5009562884730174
PRT,household,water_heating,electricity,0.7137272321345994
PRT,household,space_heating,electricity,0.3112426110426007
PRT,household,cooking,electricity,4.549001066019762
PRT,household,water_heating,heat,0.021991539837631097
PRT,household,space_heating,heat,0.03161028555134686
PRT,household,cooking,heat,0.0
PRT,household,water_heating,natural_gas,3.258625948014406
PRT,household,space_heating,natural_gas,1.4693512890765859
PRT,household,cooking,natural_gas,2.5688037171105824
PRT,household,water_heating,oil,1.8294448388546676
PRT,household,space_heating,oil,1.2470587491393232
PRT,household,cooking,oil,0.0
PRT,household,water_heating,other_renewable,0.0
PRT,household,space_heating,other_renewable,0.0
PRT,household,cooking,other_renewable,0.0
PRT,household,water_heating,solar_thermal,0.4087083876407116
PRT,household,space_heating,solar_thermal,0.058928270830810175
PRT,household,cooking,solar_thermal,0.0
PRT,household,water_heating,solid_fossil,0.0
PRT,household,space_heating,solid_fossil,0.0
PRT,household,cooking,solid_fossil,0.0
ROU,household,water_heating,biomass,1.4854804937955461
ROU,household,space_heating,biomass,33.7967567826877
ROU,household,cooking,biomass,1.1481999588515353
ROU,household,water_heating,electricity,0.5995477355387738
ROU,household,space_heating,electricity,0.12733741618858863
ROU,household,cooking,electricity,0.005823022771486985
ROU,household,water_heating,heat,1.8111167694400245
ROU,household,space_heating,heat,7.291619900284346
ROU,household,cooking,heat,0.0
ROU,household,water_heating,natural_gas,3.9864801461374215
ROU,household,space_heating,natural_gas,7.766003339079103
ROU,household,cooking,natural_gas,16.406475106492525
ROU,household,water_heating,oil,0.33658616456152574
ROU,household,space_heating,oil,0.0005827021700780228
ROU,household,cooking,oil,0.015374413308618471
ROU,household,water_heating,other_renewable,0.0
ROU,household,space_heating,other_renewable,0.0
ROU,household,cooking,other_renewable,0.0
ROU,household,water_heating,solar_thermal,0.0
ROU,household,space_heating,solar_thermal,0.0
ROU,household,cooking,solar_thermal,0.0
ROU,household,water_heating,solid_fossil,0.015586495257409131
ROU,household,space_heating,solid_fossil,0.5837644108505539
ROU,household,cooking,solid_fossil,0.0
SVK,household,water_heating,biomass,0.03490577630893148
SVK,household,space_heating,biomass,0.42259215539974765
SVK,household,cooking,biomass,0.014148243384828108
SVK,household,water_heating,electricity,0.40125271668988205
SVK,household,space_heating,electricity,0.3880285348124653
SVK,household,cooking,electricity,2.9009746403762717
SVK,household,water_heating,heat,1.190716358434916
SVK,household,space_heating,heat,4.446376692058149
SVK,household,cooking,heat,0.0
SVK,household,water_heating,natural_gas,1.4955791284969766
SVK,household,space_heating,natural_gas,12.24607073732069
SVK,household,cooking,natural_gas,0.0
SVK,household,water_heating,oil,0.0173076610311742
SVK,household,space_heating,oil,0.14075174596879508
SVK,household,cooking,oil,0.0
SVK,household,water_heating,other_renewable,0.0
SVK,household,space_heating,other_renewable,0.0
SVK,household,cooking,other_renewable,0.0
SVK,household,water_heating,solar_thermal,0.08012715480806597
SVK,household,space_heating,solar_thermal,0.032838114579202146
SVK,household,cooking,solar_thermal,0.0
SVK,household,water_heating,solid_fossil,0.02317361255167145
SVK,household,space_heating,solid_fossil,0.23938773230372734
SVK,household,cooking,solid_fossil,0.0
SVN,household,water_heating,biomass,0.4891662445666983
SVN,household,space_heating,biomass,5.503618119691758
SVN,household,cooking,biomass,0.05913990010830738
SVN,household,water_heating,electricity,0.6459674499960543
SVN,household,space_heating,electricity,0.5041200321118349
SVN,household,cooking,electricity,0.29394783487659215
SVN,household,water_heating,heat,0.21654269938046236
SVN,household,space_heating,heat,0.7106943200792103
SVN,household,cooking,heat,0.0
SVN,household,water_heating,natural_gas,0.2991447232454334
SVN,household,space_heating,natural_gas,1.1716335401263165
SVN,household,cooking,natural_gas,0.08129417074000335
SVN,household,water_heating,oil,0.1879948194036129
SVN,household,space_heating,oil,1.6869880324900874
SVN,household,cooking,oil,0.1358845449338897
SVN,household,water_heating,other_renewable,0.0
SVN,household,space_heating,other_renewable,0.0
SVN,household,cooking,other_renewable,0.0
SVN,household,water_heating,solar_thermal,0.1011482071520483
SVN,household,space_heating,solar_thermal,0.014229722701396911
SVN,household,cooking,solar_thermal,0.0
SVN,household,water_heating,solid_fossil,1.6729063487952621e-06
SVN,household,space_heating,solid_fossil,8.32709365121474e-06
SVN,household,cooking,solid_fossil,0.0
SWE,household,water_heating,biomass,0.40943800256364743
SWE,household,space_heating,biomass,9.700154218143863
SWE,household,cooking,biomass,0.0
SWE,household,water_heating,electricity,2.6235943271976656
SWE,household,space_heating,electricity,14.536125750399997
SWE,household,cooking,electricity,1.6108562479038313
SWE,household,water_heating,heat,5.886620027005849
SWE,household,space_heating,heat,21.606403463919015
SWE,household,cooking,heat,0.0
SWE,household,water_heating,natural_gas,0.22278092896223928
SWE,household,space_heating,natural_gas,0.554544582622436
SWE,household,cooking,natural_gas,0.05642105235362125
SWE,household,water_heating,oil,0.15906795221560543
SWE,household,space_heating,oil,0.18149046395152035
SWE,household,cooking,oil,0.0005309708828994196
SWE,household,water_heating,other_renewable,0.0
SWE,household,space_heating,other_renewable,0.0
SWE,household,cooking,other_renewable,0.0
SWE,household,water_heating,solar_thermal,0.08873343259317545
SWE,household,space_heating,solar_thermal,0.010180455129331743
SWE,household,cooking,solar_thermal,0.0
SWE,household,water_heating,solid_fossil,1.1591218198464554e-06
SWE,household,space_heating,solid_fossil,8.840878180164545e-06
SWE,household,cooking,solid_fossil,0.0
AUT,commercial,water_heating,biomass,0.11992879997458934
AUT,commercial,space_heating,biomass,1.3918755721186595
AUT,commercial,process_heating,biomass,0.0
AUT,commercial,water_heating,electricity,0.02943499452406606
AUT,commercial,space_heating,electricity,0.3802858257112578
AUT,commercial,process_heating,electricity,1.1409846432740192
AUT,commercial,water_heating,heat,0.7498216716113353
AUT,commercial,space_heating,heat,9.254636762521006
AUT,commercial,process_heating,heat,0.0
AUT,commercial,water_heating,natural_gas,0.4688421732530789
AUT,commercial,space_heating,natural_gas,5.8636493777657535
AUT,commercial,process_heating,natural_gas,0.0
AUT,commercial,water_heating,oil,0.21676260997413338
AUT,commercial,space_heating,oil,2.9464188808679124
AUT,commercial,process_heating,oil,0.0
AUT,commercial,water_heating,other_renewable,0.0
AUT,commercial,space_heating,other_renewable,0.0
AUT,commercial,process_heating,other_renewable,0.0
AUT,commercial,water_heating,solar_thermal,0.03820112642723113
AUT,commercial,space_heating,solar_thermal,0.43231641066672155
AUT,commercial,process_heating,solar_thermal,0.0
AUT,commercial,water_heating,solid_fossil,0.0020223566626562874
AUT,commercial,space_heating,solid_fossil,0.027513809761183693
AUT,commercial,process_heating,solid_fossil,0.0
BEL,commercial,water_heating,biomass,0.04989375807604638
BEL,commercial,space_heating,biomass,0.5482075072852034
BEL,commercial,process_heating,biomass,0.0
BEL,commercial,water_heating,electricity,0.09570996435245259
BEL,commercial,space_heating,electricity,1.1963092633340358
BEL,commercial,process_heating,electricity,1.4908455993122034
BEL,commercial,water_heating,heat,0.10293027315282999
BEL,commercial,space_heating,heat,1.1163782179611355
BEL,commercial,process_heating,heat,0.0
BEL,commercial,water_heating,natural_gas,1.4907375352763967
BEL,commercial,space_heating,natural_gas,17.69057508235104
BEL,commercial,process_heating,natural_gas,0.0
BEL,commercial,water_heating,oil,0.6425634202251695
BEL,commercial,space_heating,oil,8.283427955176881
BEL,commercial,process_heating,oil,0.0
BEL,commercial,water_heating,other_renewable,0.0
BEL,commercial,space_heating,other_renewable,0.0
BEL,commercial,process_heating,other_renewable,0.0
BEL,commercial,water_heating,solar_thermal,0.06390485477851832
BEL,commercial,space_heating,solar_thermal,0.6633341341112357
BEL,commercial,process_heating,solar_thermal,0.0
BEL,commercial,water_heating,solid_fossil,0.0
BEL,commercial,space_heating,solid_fossil,0.0
BEL,commercial,process_heating,solid_fossil,0.0
BGR,commercial,water_heating,biomass,0.033218199911766895
BGR,commercial,space_heating,biomass,0.5607743238844394
BGR,commercial,process_heating,biomass,0.0
BGR,commercial,water_heating,electricity,0.01582349363540788
BGR,commercial,space_heating,electricity,0.2566408325237802
BGR,commercial,process_heating,electricity,0.5909977104066014
BGR,commercial,water_heating,heat,0.07020516461422345
BGR,commercial,space_heating,heat,1.172111489701497
BGR,commercial,process_heating,heat,0.0
BGR,commercial,water_heating,natural_gas,0.06106228835188722
BGR,commercial,space_heating,natural_gas,0.9837635329211296
BGR,commercial,process_heating,natural_gas,0.0
BGR,commercial,water_heating,oil,0.01008728688795116
BGR,commercial,space_heating,oil,0.17115221687223145
BGR,commercial,process_heating,oil,0.0
BGR,commercial,water_heating,other_renewable,0.0
BGR,commercial,space_heating,other_renewable,0.0
BGR,commercial,process_heating,other_renewable,0.0
BGR,commercial,water_heating,solar_thermal,0.0966098548483734
BGR,commercial,space_heating,solar_thermal,1.4735947571909827
BGR,commercial,process_heating,solar_thermal,0.0
BGR,commercial,water_heating,solid_fossil,0.0015060896080029366
BGR,commercial,space_heating,solid_fossil,0.026028134766177914
BGR,commercial,process_heating,solid_fossil,0.0
CYP,commercial,water_heating,biomass,0.07898248937871476
CYP,commercial,space_heating,biomass,0.13892822518947145
CYP,commercial,process_heating,biomass,0.0
CYP,commercial,water_heating,electricity,0.006431614420694243
CYP,commercial,space_heating,electricity,0.011321742280849076
CYP,commercial,process_heating,electricity,0.10840487258461638
CYP,commercial,water_heating,heat,0.0
CYP,commercial,space_heating,heat,0.0
CYP,commercial,process_heating,heat,0.0
CYP,commercial,water_heating,natural_gas,0.004290155842346259
CYP,commercial,space_heating,natural_gas,0.007617697636009534
CYP,commercial,process_heating,natural_gas,0.0
CYP,commercial,water_heating,oil,0.10489585399716282
CYP,commercial,space_heating,oil,0.21940148787894473
CYP,commercial,process_heating,oil,0.0
CYP,commercial,water_heating,other_renewable,0.0
CYP,commercial,space_heating,other_renewable,0.0
CYP,commercial,process_heating,other_renewable,0.0
CYP,commercial,water_heating,solar_thermal,0.006671666026227674
CYP,commercial,space_heating,solar_thermal,0.011269924321377321
CYP,commercial,process_heating,solar_thermal,0.0
CYP,commercial,water_heating,solid_fossil,0.00017300334394768682
CYP,commercial,space_heating,solid_fossil,0.0002904021771724257
CYP,commercial,process_heating,solid_fossil,0.0
CZE,commercial,water_heating,biomass,0.05557514183503305
CZE,commercial,space_heating,biomass,0.7287528174983111
CZE,commercial,process_heating,biomass,0.0
CZE,commercial,water_heating,electricity,0.07167454014520566
CZE,commercial,space_heating,electricity,1.1035378755232101
CZE,commercial,process_heating,electricity,1.1020912179554594
CZE,commercial,water_heating,heat,0.33941640351559066
CZE,commercial,space_heating,heat,4.940257466111969
CZE,commercial,process_heating,heat,0.0
CZE,commercial,water_heating,natural_gas,0.7821831311959697
CZE,commercial,space_heating,natural_gas,11.362120141916181
CZE,commercial,process_heating,natural_gas,0.0
CZE,commercial,water_heating,oil,0.008069698353461524
CZE,commercial,space_heating,oil,0.13229519603268095
CZE,commercial,process_heating,oil,0.0
CZE,commercial,water_heating,other_renewable,0.0
CZE,commercial,space_heating,other_renewable,0.0
CZE,commercial,process_heating,other_renewable,0.0
CZE,commercial,water_heating,solar_thermal,0.004045633646804258
CZE,commercial,space_heating,solar_thermal,0.053279880969471026
CZE,commercial,process_heating,solar_thermal,0.0
CZE,commercial,water_heating,solid_fossil,0.011305444465897627
CZE,commercial,space_heating,solid_fossil,0.18110776770853698
CZE,commercial,process_heating,solid_fossil,0.0
DEU,commercial,water_heating,biomass,1.8975744463595998
DEU,commercial,space_heating,biomass,25.570817386748093
DEU,commercial,process_heating,biomass,0.0
DEU,commercial,water_heating,electricity,0.45422273284672743
DEU,commercial,space_heating,electricity,6.094175956561459
DEU,commercial,process_heating,electricity,11.469393416956578
DEU,commercial,water_heating,heat,1.1897660136673713
DEU,commercial,space_heating,heat,15.364634852457566
DEU,commercial,process_heating,heat,0.0
DEU,commercial,water_heating,natural_gas,8.540764185176123
DEU,commercial,space_heating,natural_gas,114.84202290772924
DEU,commercial,process_heating,natural_gas,0.0
DEU,commercial,water_heating,oil,5.331426100813582
DEU,commercial,space_heating,oil,78.35024905519231
DEU,commercial,process_heating,oil,0.0
DEU,commercial,water_heating,other_renewable,0.0
DEU,commercial,space_heating,other_renewable,0.0
DEU,commercial,process_heating,other_renewable,0.0
DEU,commercial,water_heating,solar_thermal,0.22872913757004368
DEU,commercial,space_heating,solar_thermal,2.9149999106760807
DEU,commercial,process_heating,solar_thermal,0.0
DEU,commercial,water_heating,solid_fossil,0.04357753365892956
DEU,commercial,space_heating,solid_fossil,0.5781879171615733
DEU,commercial,process_heating,solid_fossil,0.0
DNK,commercial,water_heating,biomass,0.04211987005447714
DNK,commercial,space_heating,biomass,0.5506629269252372
DNK,commercial,process_heating,biomass,0.0
DNK,commercial,water_heating,electricity,0.02417335002208078
DNK,commercial,space_heating,electricity,0.3424937446791114
DNK,commercial,process_heating,electricity,0.9998687102203803
DNK,commercial,water_heating,heat,0.5912818572515576
DNK,commercial,space_heating,heat,8.161430630514868
DNK,commercial,process_heating,heat,0.0
DNK,commercial,water_heating,natural_gas,0.12615927752898629
DNK,commercial,space_heating,natural_gas,1.7628066630420336
DNK,commercial,process_heating,natural_gas,0.0
DNK,commercial,water_heating,oil,0.04184375052336658
DNK,commercial,space_heating,oil,0.6222699158010765
DNK,commercial,process_heating,oil,0.0
DNK,commercial,water_heating,other_renewable,0.0
DNK,commercial,space_heating,other_renewable,0.0
DNK,commercial,process_heating,other_renewable,0.0
DNK,commercial,water_heating,solar_thermal,0.009096284286927296
DNK,commercial,space_heating,solar_thermal,0.10979833158484592
DNK,commercial,process_heating,solar_thermal,0.0
DNK,commercial,water_heating,solid_fossil,0.00027453963776975234
DNK,commercial,space_heating,solid_fossil,0.0038212545623816582
DNK,commercial,process_heating,solid_fossil,0.0
ESP,commercial,water_heating,biomass,0.28599808387593817
ESP,commercial,space_heating,biomass,1.738885854041634
ESP,commercial,process_heating,biomass,0.0
ESP,commercial,water_heating,electricity,0.4073693549628313
ESP,commercial,space_heating,electricity,2.7553971275844784
ESP,commercial,process_heating,electricity,4.876429105671833
ESP,commercial,water_heating,heat,0.07982848551281112
ESP,commercial,space_heating,heat,0.5269958533332669
ESP,commercial,process_heating,heat,0.0
ESP,commercial,water_heating,natural_gas,2.4596336134864587
ESP,commercial,space_heating,natural_gas,15.882969029036676
ESP,commercial,process_heating,natural_gas,0.0
ESP,commercial,water_heating,oil,1.741032717767629
ESP,commercial,space_heating,oil,12.133811203368658
ESP,commercial,process_heating,oil,0.0
ESP,commercial,water_heating,other_renewable,0.0
ESP,commercial,space_heating,other_renewable,0.0
ESP,commercial,process_heating,other_renewable,0.0
ESP,commercial,water_heating,solar_thermal,0.43190595416762223
ESP,commercial,space_heating,solar_thermal,2.457164596036785
ESP,commercial,process_heating,solar_thermal,0.0
ESP,commercial,water_heating,solid_fossil,0.006135121475034564
ESP,commercial,space_heating,solid_fossil,0.045986808862462245
ESP,commercial,process_heating,solid_fossil,0.0
EST,commercial,water_heating,biomass,0.006621469112756216
EST,commercial,space_heating,biomass,0.1328591138289288
EST,commercial,process_heating,biomass,0.0
EST,commercial,water_heating,electricity,0.0022777940685754323
EST,commercial,space_heating,electricity,0.04864067051617417
EST,commercial,process_heating,electricity,0.20312973491759068
EST,commercial,water_heating,heat,0.06066577102904025
EST,commercial,space_heating,heat,1.2502458489072994
EST,commercial,process_heating,heat,0.0
EST,commercial,water_heating,natural_gas,0.03975510766636662
EST,commercial,space_heating,natural_gas,0.7831381217444028
EST,commercial,process_heating,natural_gas,0.0
EST,commercial,water_heating,oil,0.014675438456639047
EST,commercial,space_heating,oil,0.33461860749543376
EST,commercial,process_heating,oil,0.0
EST,commercial,water_heating,other_renewable,0.0
EST,commercial,space_heating,other_renewable,0.0
EST,commercial,process_heating,other_renewable,0.0
EST,commercial,water_heating,solar_thermal,0.003740300887512443
EST,commercial,space_heating,solar_thermal,0.0764596327445833
EST,commercial,process_heating,solar_thermal,0.0
EST,commercial,water_heating,solid_fossil,0.001149937972588477
EST,commercial,space_heating,solid_fossil,0.025725119487583728
EST,commercial,process_heating,solid_fossil,0.0
FIN,commercial,water_heating,biomass,0.058523957731263045
FIN,commercial,space_heating,biomass,1.0434629315873523
FIN,commercial,process_heating,biomass,0.0
FIN,commercial,water_heating,electricity,0.1520475314998042
FIN,commercial,space_heating,electricity,2.85390731010822
FIN,commercial,process_heating,electricity,0.9029785448508233
FIN,commercial,water_heating,heat,0.6765192642338079
FIN,commercial,space_heating,heat,11.975294970708198
FIN,commercial,process_heating,heat,0.0
FIN,commercial,water_heating,natural_gas,0.02291777783123884
FIN,commercial,space_heating,natural_gas,0.3664052048288836
FIN,commercial,process_heating,natural_gas,0.0
FIN,commercial,water_heating,oil,0.14301793026568121
FIN,commercial,space_heating,oil,2.732079135438315
FIN,commercial,process_heating,oil,0.0
FIN,commercial,water_heating,other_renewable,0.0
FIN,commercial,space_heating,other_renewable,0.0
FIN,commercial,process_heating,other_renewable,0.0
FIN,commercial,water_heating,solar_thermal,0.022411193068835038
FIN,commercial,space_heating,solar_thermal,0.3764532875234864
FIN,commercial,process_heating,solar_thermal,0.0
FIN,commercial,water_heating,solid_fossil,0.0014766950216233425
FIN,commercial,space_heating,solid_fossil,0.026281923011044803
FIN,commercial,process_heating,solid_fossil,0.0
FRA,commercial,water_heating,biomass,0.6770558659339085
FRA,commercial,space_heating,biomass,4.762708568323174
FRA,commercial,process_heating,biomass,0.0
FRA,commercial,water_heating,electricity,0.8214429189733623
FRA,commercial,space_heating,electricity,6.674771826467981
FRA,commercial,process_heating,electricity,7.801464870094874
FRA,commercial,water_heating,heat,1.0620804988749533
FRA,commercial,space_heating,heat,7.885666524730632
FRA,commercial,process_heating,heat,0.0
FRA,commercial,water_heating,natural_gas,8.805336908838827
FRA,commercial,space_heating,natural_gas,67.27777105898556
FRA,commercial,process_heating,natural_gas,0.0
FRA,commercial,water_heating,oil,2.8096324717913213
FRA,commercial,space_heating,oil,24.009232934303174
FRA,commercial,process_heating,oil,0.0
FRA,commercial,water_heating,other_renewable,0.0
FRA,commercial,space_heating,other_renewable,0.0
FRA,commercial,process_heating,other_renewable,0.0
FRA,commercial,water_heating,solar_thermal,0.1677203839006799
FRA,commercial,space_heating,solar_thermal,1.1358963971473794
FRA,commercial,process_heating,solar_thermal,0.0
FRA,commercial,water_heating,solid_fossil,0.0
FRA,commercial,space_heating,solid_fossil,0.0
FRA,commercial,process_heating,solid_fossil,0.0
GBR,commercial,water_heating,biomass,0.10342867015304977
GBR,commercial,space_heating,biomass,0.8265543369197962
GBR,commercial,process_heating,biomass,0.0
GBR,commercial,water_heating,electricity,0.657376361425152
GBR,commercial,space_heating,electricity,5.63800478790826
GBR,commercial,process_heating,electricity,9.58303542707203
GBR,commercial,water_heating,heat,0.6006571291240881
GBR,commercial,space_heating,heat,4.635045997393518
GBR,commercial,process_heating,heat,0.0
GBR,commercial,water_heating,natural_gas,8.411805898090423
GBR,commercial,space_heating,natural_gas,71.58854275937966
GBR,commercial,process_heating,natural_gas,0.0
GBR,commercial,water_heating,oil,0.9277689911731826
GBR,commercial,space_heating,oil,8.23606595704374
GBR,commercial,process_heating,oil,0.0
GBR,commercial,water_heating,other_renewable,0.0
GBR,commercial,space_heating,other_renewable,0.0
GBR,commercial,process_heating,other_renewable,0.0
GBR,commercial,water_heating,solar_thermal,0.15602417998957788
GBR,commercial,space_heating,solar_thermal,1.1320126311020133
GBR,commercial,process_heating,solar_thermal,0.0
GBR,commercial,water_heating,solid_fossil,0.016121751548166207
GBR,commercial,space_heating,solid_fossil,0.17097921303259997
GBR,commercial,process_heating,solid_fossil,0.0
GRC,commercial,water_heating,biomass,0.08873520937797462
GRC,commercial,space_heating,biomass,0.37835631491279603
GRC,commercial,process_heating,biomass,0.0
GRC,commercial,water_heating,electricity,0.047731651931601865
GRC,commercial,space_heating,electricity,0.22349572074823917
GRC,commercial,process_heating,electricity,1.0073500400146311
GRC,commercial,water_heating,heat,0.0001500234307863256
GRC,commercial,space_heating,heat,0.0006446805851753673
GRC,commercial,process_heating,heat,0.0
GRC,commercial,water_heating,natural_gas,0.27688252282170056
GRC,commercial,space_heating,natural_gas,1.2671671231339996
GRC,commercial,process_heating,natural_gas,0.0
GRC,commercial,water_heating,oil,0.2158244799808854
GRC,commercial,space_heating,oil,1.0417413681735355
GRC,commercial,process_heating,oil,0.0
GRC,commercial,water_heating,other_renewable,0.0
GRC,commercial,space_heating,other_renewable,0.0
GRC,commercial,process_heating,other_renewable,0.0
GRC,commercial,water_heating,solar_thermal,0.13887796415826853
GRC,commercial,space_heating,solar_thermal,0.5573021189888943
GRC,commercial,process_heating,solar_thermal,0.0
GRC,commercial,water_heating,solid_fossil,0.0
GRC,commercial,space_heating,solid_fossil,0.0
GRC,commercial,process_heating,solid_fossil,0.0
HRV,commercial,water_heating,biomass,0.012295478092170135
HRV,commercial,space_heating,biomass,0.1282368333902385
HRV,commercial,process_heating,biomass,0.0
HRV,commercial,water_heating,electricity,0.004650449819018978
HRV,commercial,space_heating,electricity,0.04187401605473576
HRV,commercial,process_heating,electricity,0.32012189981117645
HRV,commercial,water_heating,heat,0.03717879200391846
HRV,commercial,space_heating,heat,0.3737406065174472
HRV,commercial,process_heating,heat,0.0
HRV,commercial,water_heating,natural_gas,0.1327439018181124
HRV,commercial,space_heating,natural_gas,1.4563489853073486
HRV,commercial,process_heating,natural_gas,0.0
HRV,commercial,water_heating,oil,0.049762245974533784
HRV,commercial,space_heating,oil,0.5675665697625665
HRV,commercial,process_heating,oil,0.0
HRV,commercial,water_heating,other_renewable,0.0
HRV,commercial,space_heating,other_renewable,0.0
HRV,commercial,process_heating,other_renewable,0.0
HRV,commercial,water_heating,solar_thermal,0.0645190018585239
HRV,commercial,space_heating,solar_thermal,0.6012910142190266
HRV,commercial,process_heating,solar_thermal,0.0
HRV,commercial,water_heating,solid_fossil,0.000358307806859356
HRV,commercial,space_heating,solid_fossil,0.003992992704998233
HRV,commercial,process_heating,solid_fossil,0.0
HUN,commercial,water_heating,biomass,0.1624777855791418
HUN,commercial,space_heating,biomass,2.0184478256671783
HUN,commercial,process_heating,biomass,0.0
HUN,commercial,water_heating,electricity,0.031345629203209685
HUN,commercial,space_heating,electricity,0.38093035354727756
HUN,commercial,process_heating,electricity,0.6539254789421775
HUN,commercial,water_heating,heat,0.1315099263557007
HUN,commercial,space_heating,heat,1.5966645336497836
HUN,commercial,process_heating,heat,0.0
HUN,commercial,water_heating,natural_gas,1.07936579786202
HUN,commercial,space_heating,natural_gas,14.251701460423543
HUN,commercial,process_heating,natural_gas,0.0
HUN,commercial,water_heating,oil,0.032451271192776444
HUN,commercial,space_heating,oil,0.4572168175853399
HUN,commercial,process_heating,oil,0.0
HUN,commercial,water_heating,other_renewable,0.0
HUN,commercial,space_heating,other_renewable,0.0
HUN,commercial,process_heating,other_renewable,0.0
HUN,commercial,water_heating,solar_thermal,0.00993854329161314
HUN,commercial,space_heating,solar_thermal,0.1144146357614334
HUN,commercial,process_heating,solar_thermal,0.0
HUN,commercial,water_heating,solid_fossil,0.001797900830372413
HUN,commercial,space_heating,solid_fossil,0.02587613307076829
HUN,commercial,process_heating,solid_fossil,0.0
IRL,commercial,water_heating,biomass,0.03523232638421428
IRL,commercial,space_heating,biomass,0.41509686678265356
IRL,commercial,process_heating,biomass,0.0
IRL,commercial,water_heating,electricity,0.02836081362456291
IRL,commercial,space_heating,electricity,0.34714437184150665
IRL,commercial,process_heating,electricity,0.5322484142964783
IRL,commercial,water_heating,heat,0.019620332830193994
IRL,commercial,space_heating,heat,0.20884219301805867
IRL,commercial,process_heating,heat,0.0
IRL,commercial,water_heating,natural_gas,0.376366297101998
IRL,commercial,space_heating,natural_gas,4.622183243616207
IRL,commercial,process_heating,natural_gas,0.0
IRL,commercial,water_heating,oil,0.2021806701851339
IRL,commercial,space_heating,oil,2.721472822535316
IRL,commercial,process_heating,oil,0.0
IRL,commercial,water_heating,other_renewable,0.0
IRL,commercial,space_heating,other_renewable,0.0
IRL,commercial,process_heating,other_renewable,0.0
IRL,commercial,water_heating,solar_thermal,0.04563661750836992
IRL,commercial,space_heating,solar_thermal,0.49920907065577935
IRL,commercial,process_heating,solar_thermal,0.0
IRL,commercial,water_heating,solid_fossil,0.01404820013071493
IRL,commercial,space_heating,solid_fossil,0.17900097743405582
IRL,commercial,process_heating,solid_fossil,0.0
ITA,commercial,water_heating,biomass,0.4020724630683673
ITA,commercial,space_heating,biomass,2.405452262782208
ITA,commercial,process_heating,biomass,0.0
ITA,commercial,water_heating,electricity,0.13497054490572502
ITA,commercial,space_heating,electricity,0.8624669392815982
ITA,commercial,process_heating,electricity,5.882580221694661
ITA,commercial,water_heating,heat,0.49244758311211073
ITA,commercial,space_heating,heat,3.195636351769177
ITA,commercial,process_heating,heat,0.0
ITA,commercial,water_heating,natural_gas,9.679754873238693
ITA,commercial,space_heating,natural_gas,65.89801905522675
ITA,commercial,process_heating,natural_gas,0.0
ITA,commercial,water_heating,oil,0.8189952798720924
ITA,commercial,space_heating,oil,6.128305727964529
ITA,commercial,process_heating,oil,0.0
ITA,commercial,water_heating,other_renewable,0.0
ITA,commercial,space_heating,other_renewable,0.0
ITA,commercial,process_heating,other_renewable,0.0
ITA,commercial,water_heating,solar_thermal,0.5595672456068431
ITA,commercial,space_heating,solar_thermal,3.017765653122197
ITA,commercial,process_heating,solar_thermal,0.0
ITA,commercial,water_heating,solid_fossil,9.449623707657667e-05
ITA,commercial,space_heating,solid_fossil,0.0008014537394194231
ITA,commercial,process_heating,solid_fossil,0.0
LTU,commercial,water_heating,biomass,0.023809005283499305
LTU,commercial,space_heating,biomass,0.4593108323544943
LTU,commercial,process_heating,biomass,0.0
LTU,commercial,water_heating,electricity,0.002978696646679706
LTU,commercial,space_heating,electricity,0.058317794106561974
LTU,commercial,process_heating,electricity,0.2948011864099396
LTU,commercial,water_heating,heat,0.10136873192046886
LTU,commercial,space_heating,heat,1.9569754440241216
LTU,commercial,process_heating,heat,0.0
LTU,commercial,water_heating,natural_gas,0.03731721341865843
LTU,commercial,space_heating,natural_gas,0.7058550425326376
LTU,commercial,process_heating,natural_gas,0.0
LTU,commercial,water_heating,oil,0.002784471371826793
LTU,commercial,space_heating,oil,0.057808437547141975
LTU,commercial,process_heating,oil,0.0
LTU,commercial,water_heating,other_renewable,0.0
LTU,commercial,space_heating,other_renewable,0.0
LTU,commercial,process_heating,other_renewable,0.0
LTU,commercial,water_heating,solar_thermal,0.0030270197872733734
LTU,commercial,space_heating,solar_thermal,0.0575202986965009
LTU,commercial,process_heating,solar_thermal,0.0
LTU,commercial,water_heating,solid_fossil,0.02455802985478337
LTU,commercial,space_heating,solid_fossil,0.5012672441617491
LTU,commercial,process_heating,solid_fossil,0.0
LUX,commercial,water_heating,biomass,0.0017259936879545602
LUX,commercial,space_heating,biomass,0.01845094167052123
LUX,commercial,process_heating,biomass,0.0
LUX,commercial,water_heating,electricity,0.004350544921176489
LUX,commercial,space_heating,electricity,0.05374384388280742
LUX,commercial,process_heating,electricity,0.09256653044579884
LUX,commercial,water_heating,heat,0.070646732023834
LUX,commercial,space_heating,heat,0.8506125895286895
LUX,commercial,process_heating,heat,0.0
LUX,commercial,water_heating,natural_gas,0.10136428981814422
LUX,commercial,space_heating,natural_gas,1.2092760402519673
LUX,commercial,process_heating,natural_gas,0.0
LUX,commercial,water_heating,oil,0.04252018377696088
LUX,commercial,space_heating,oil,0.5774143647958361
LUX,commercial,process_heating,oil,0.0
LUX,commercial,water_heating,other_renewable,0.0
LUX,commercial,space_heating,other_renewable,0.0
LUX,commercial,process_heating,other_renewable,0.0
LUX,commercial,water_heating,solar_thermal,0.0007396008375523645
LUX,commercial,space_heating,solar_thermal,0.007344099488850888
LUX,commercial,process_heating,solar_thermal,0.0
LUX,commercial,water_heating,solid_fossil,0.0
LUX,commercial,space_heating,solid_fossil,0.0
LUX,commercial,process_heating,solid_fossil,0.0
LVA,commercial,water_heating,biomass,0.04692112512468845
LVA,commercial,space_heating,biomass,1.0012239347399676
LVA,commercial,process_heating,biomass,0.0
LVA,commercial,water_heating,electricity,0.0024437009694607574
LVA,commercial,space_heating,electricity,0.05251860825335627
LVA,commercial,process_heating,electricity,0.2101602612735093
LVA,commercial,water_heating,heat,0.07144481404491192
LVA,commercial,space_heating,heat,1.4827235188063075
LVA,commercial,process_heating,heat,0.0
LVA,commercial,water_heating,natural_gas,0.053217439778785416
LVA,commercial,space_heating,natural_gas,1.0773011283900806
LVA,commercial,process_heating,natural_gas,0.0
LVA,commercial,water_heating,oil,0.02371072363749795
LVA,commercial,space_heating,oil,0.5370237390905929
LVA,commercial,process_heating,oil,0.0
LVA,commercial,water_heating,other_renewable,0.0
LVA,commercial,space_heating,other_renewable,0.0
LVA,commercial,process_heating,other_renewable,0.0
LVA,commercial,water_heating,solar_thermal,0.0033158719340599476
LVA,commercial,space_heating,solar_thermal,0.07392086767514747
LVA,commercial,process_heating,solar_thermal,0.0
LVA,commercial,water_heating,solid_fossil,0.00397051520395761
LVA,commercial,space_heating,solid_fossil,0.0910672100558349
LVA,commercial,process_heating,solid_fossil,0.0
MLT,commercial,water_heating,biomass,0.0043202865440494734
MLT,commercial,space_heating,biomass,0.006884415859955211
MLT,commercial,process_heating,biomass,0.0
MLT,commercial,water_heating,electricity,0.007988437991325845
MLT,commercial,space_heating,electricity,0.013050375903170762
MLT,commercial,process_heating,electricity,0.06625541709125791
MLT,commercial,water_heating,heat,0.0
MLT,commercial,space_heating,heat,0.0
MLT,commercial,process_heating,heat,0.0
MLT,commercial,water_heating,natural_gas,0.00231261724283932
MLT,commercial,space_heating,natural_gas,0.003565159457159379
MLT,commercial,process_heating,natural_gas,0.0
MLT,commercial,water_heating,oil,0.19192809299727165
MLT,commercial,space_heating,oil,0.3439287980459673
MLT,commercial,process_heating,oil,0.0
MLT,commercial,water_heating,other_renewable,0.0
MLT,commercial,space_heating,other_renewable,0.0
MLT,commercial,process_heating,other_renewable,0.0
MLT,commercial,water_heating,solar_thermal,0.004791821185045763
MLT,commercial,space_heating,solar_thermal,0.007105211482752607
MLT,commercial,process_heating,solar_thermal,0.0
MLT,commercial,water_heating,solid_fossil,6.323692547575554e-05
MLT,commercial,space_heating,solid_fossil,0.00012525440887198357
MLT,commercial,process_heating,solid_fossil,0.0
NLD,commercial,water_heating,biomass,0.14674200125679657
NLD,commercial,space_heating,biomass,1.4933059367366348
NLD,commercial,process_heating,biomass,0.0
NLD,commercial,water_heating,electricity,0.06537740597059881
NLD,commercial,space_heating,electricity,0.678823148048415
NLD,commercial,process_heating,electricity,2.8201162351912696
NLD,commercial,water_heating,heat,0.15852650959488254
NLD,commercial,space_heating,heat,1.7265051488638103
NLD,commercial,process_heating,heat,0.0
NLD,commercial,water_heating,natural_gas,2.980343010688978
NLD,commercial,space_heating,natural_gas,32.82101674156764
NLD,commercial,process_heating,natural_gas,0.0
NLD,commercial,water_heating,oil,0.08296434069361859
NLD,commercial,space_heating,oil,0.9526214787690337
NLD,commercial,process_heating,oil,0.0
NLD,commercial,water_heating,other_renewable,0.0
NLD,commercial,space_heating,other_renewable,0.0
NLD,commercial,process_heating,other_renewable,0.0
NLD,commercial,water_heating,solar_thermal,0.021095384646146312
NLD,commercial,space_heating,solar_thermal,0.2129873114624468
NLD,commercial,process_heating,solar_thermal,0.0
NLD,commercial,water_heating,solid_fossil,0.0011859012758684505
NLD,commercial,space_heating,solid_fossil,0.01275467300463842
NLD,commercial,process_heating,solid_fossil,0.0
POL,commercial,water_heating,biomass,0.1483494919781417
POL,commercial,space_heating,biomass,2.617262932328572
POL,commercial,process_heating,biomass,0.0
POL,commercial,water_heating,electricity,0.0571236370274124
POL,commercial,space_heating,electricity,0.9651192439820908
POL,commercial,process_heating,electricity,2.806808161187273
POL,commercial,water_heating,heat,0.6655477331205555
POL,commercial,space_heating,heat,11.389451282758756
POL,commercial,process_heating,heat,0.0
POL,commercial,water_heating,natural_gas,1.1089470931172976
POL,commercial,space_heating,natural_gas,18.807406042458886
POL,commercial,process_heating,natural_gas,0.0
POL,commercial,water_heating,oil,0.2574273364130009
POL,commercial,space_heating,oil,4.84340216815437
POL,commercial,process_heating,oil,0.0
POL,commercial,water_heating,other_renewable,0.0
POL,commercial,space_heating,other_renewable,0.0
POL,commercial,process_heating,other_renewable,0.0
POL,commercial,water_heating,solar_thermal,0.060599040800631984
POL,commercial,space_heating,solar_thermal,0.9687774988762233
POL,commercial,process_heating,solar_thermal,0.0
POL,commercial,water_heating,solid_fossil,0.39443848495172457
POL,commercial,space_heating,solid_fossil,7.344122675246893
POL,commercial,process_heating,solid_fossil,0.0
PRT,commercial,water_heating,biomass,0.28412542362103427
PRT,commercial,space_heating,biomass,0.7216847740834496
PRT,commercial,process_heating,biomass,0.0
PRT,commercial,water_heating,electricity,0.165692190413614
PRT,commercial,space_heating,electricity,0.425226836573686
PRT,commercial,process_heating,electricity,1.149646283937293
PRT,commercial,water_heating,heat,0.08044897561980857
PRT,commercial,space_heating,heat,0.20939294256654922
PRT,commercial,process_heating,heat,0.0
PRT,commercial,water_heating,natural_gas,0.7306334185890497
PRT,commercial,space_heating,natural_gas,1.871762326387202
PRT,commercial,process_heating,natural_gas,0.0
PRT,commercial,water_heating,oil,0.48525207156737254
PRT,commercial,space_heating,oil,1.240850571589779
PRT,commercial,process_heating,oil,0.0
PRT,commercial,water_heating,other_renewable,0.0
PRT,commercial,space_heating,other_renewable,0.0
PRT,commercial,process_heating,other_renewable,0.0
PRT,commercial,water_heating,solar_thermal,0.06315603683817968
PRT,commercial,space_heating,solar_thermal,0.14934761426664594
PRT,commercial,process_heating,solar_thermal,0.0
PRT,commercial,water_heating,solid_fossil,0.00027021487228258195
PRT,commercial,space_heating,solid_fossil,0.0005337551517363033
PRT,commercial,process_heating,solid_fossil,0.0
ROU,commercial,water_heating,biomass,0.015457191032026524
ROU,commercial,space_heating,biomass,0.19884650333545714
ROU,commercial,process_heating,biomass,0.0
ROU,commercial,water_heating,electricity,0.014346208811651502
ROU,commercial,space_heating,electricity,0.16547666090683896
ROU,commercial,process_heating,electricity,1.1282431896564726
ROU,commercial,water_heating,heat,0.18051804070506128
ROU,commercial,space_heating,heat,2.2675083027272334
ROU,commercial,process_heating,heat,0.0
ROU,commercial,water_heating,natural_gas,0.6778713890195951
ROU,commercial,space_heating,natural_gas,8.914599993943392
ROU,commercial,process_heating,natural_gas,0.0
ROU,commercial,water_heating,oil,0.05966509407659868
ROU,commercial,space_heating,oil,0.8382693970370924
ROU,commercial,process_heating,oil,0.0
ROU,commercial,water_heating,other_renewable,0.0
ROU,commercial,space_heating,other_renewable,0.0
ROU,commercial,process_heating,other_renewable,0.0
ROU,commercial,water_heating,solar_thermal,0.04556242934376052
ROU,commercial,space_heating,solar_thermal,0.5142633076498215
ROU,commercial,process_heating,solar_thermal,0.0
ROU,commercial,water_heating,solid_fossil,0.0
ROU,commercial,space_heating,solid_fossil,0.0
ROU,commercial,process_heating,solid_fossil,0.0
SVK,commercial,water_heating,biomass,0.0073389789206470945
SVK,commercial,space_heating,biomass,0.10298611772189412
SVK,commercial,process_heating,biomass,0.0
SVK,commercial,water_heating,electricity,0.02077577128160308
SVK,commercial,space_heating,electricity,0.2968745587967194
SVK,commercial,process_heating,electricity,0.4776572115135233
SVK,commercial,water_heating,heat,0.044653068402681094
SVK,commercial,space_heating,heat,0.6649271300998306
SVK,commercial,process_heating,heat,0.0
SVK,commercial,water_heating,natural_gas,0.47855284181643243
SVK,commercial,space_heating,natural_gas,6.696752835333739
SVK,commercial,process_heating,natural_gas,0.0
SVK,commercial,water_heating,oil,0.011121444619917861
SVK,commercial,space_heating,oil,0.1697902644429175
SVK,commercial,process_heating,oil,0.0
SVK,commercial,water_heating,other_renewable,0.0
SVK,commercial,space_heating,other_renewable,0.0
SVK,commercial,process_heating,other_renewable,0.0
SVK,commercial,water_heating,solar_thermal,0.003613490726374519
SVK,commercial,space_heating,solar_thermal,0.04547625053939414
SVK,commercial,process_heating,solar_thermal,0.0
SVK,commercial,water_heating,solid_fossil,0.07543394852555446
SVK,commercial,space_heating,solid_fossil,1.1804148021104472
SVK,commercial,process_heating,solid_fossil,0.0
SVN,commercial,water_heating,biomass,0.012004651109058892
SVN,commercial,space_heating,biomass,0.16202232724114632
SVN,commercial,process_heating,biomass,0.0
SVN,commercial,water_heating,electricity,0.010310092378676108
SVN,commercial,space_heating,electricity,0.16249536848743862
SVN,commercial,process_heating,electricity,0.3438201185447456
SVN,commercial,water_heating,heat,0.031058373015754762
SVN,commercial,space_heating,heat,0.4505093987678598
SVN,commercial,process_heating,heat,0.0
SVN,commercial,water_heating,natural_gas,0.03382920404700714
SVN,commercial,space_heating,natural_gas,0.45523099503114617
SVN,commercial,process_heating,natural_gas,0.0
SVN,commercial,water_heating,oil,0.04865160001086739
SVN,commercial,space_heating,oil,0.7655465505597848
SVN,commercial,process_heating,oil,0.0
SVN,commercial,water_heating,other_renewable,0.0
SVN,commercial,space_heating,other_renewable,0.0
SVN,commercial,process_heating,other_renewable,0.0
SVN,commercial,water_heating,solar_thermal,0.03511101101580697
SVN,commercial,space_heating,solar_thermal,0.44933458569002316
SVN,commercial,process_heating,solar_thermal,0.0
SVN,commercial,water_heating,solid_fossil,0.0
SVN,commercial,space_heating,solid_fossil,0.0
SVN,commercial,process_heating,solid_fossil,0.0
SWE,commercial,water_heating,biomass,0.022885991683283383
SWE,commercial,space_heating,biomass,0.4435229550387174
SWE,commercial,process_heating,biomass,0.0
SWE,commercial,water_heating,electricity,0.3101797779107128
SWE,commercial,space_heating,electricity,5.957257368236658
SWE,commercial,process_heating,electricity,1.678295391591842
SWE,commercial,water_heating,heat,0.8553409401786004
SWE,commercial,space_heating,heat,15.209830517120153
SWE,commercial,process_heating,heat,0.0
SWE,commercial,water_heating,natural_gas,0.06945742068880917
SWE,commercial,space_heating,natural_gas,1.1823913389231153
SWE,commercial,process_heating,natural_gas,0.0
SWE,commercial,water_heating,oil,0.20135249908843283
SWE,commercial,space_heating,oil,3.937888871889233
SWE,commercial,process_heating,oil,0.0
SWE,commercial,water_heating,other_renewable,0.0
SWE,commercial,space_heating,other_renewable,0.0
SWE,commercial,process_heating,other_renewable,0.0
SWE,commercial,water_heating,solar_thermal,0.005350878507946871
SWE,commercial,space_heating,solar_thermal,0.090688786541043
SWE,commercial,process_heating,solar_thermal,0.0
SWE,commercial,water_heating,solid_fossil,0.0018226485710838315
SWE,commercial,space_heating,solid_fossil,0.029601507052705867
SWE,commercial,process_heating,solid_fossil,0.0
AUT,industry,process_heating,biomass,13.81417487375555
AUT,industry,space_heating,biomass,0.033310343695
AUT,industry,process_heating,electricity,0.8377490272733328
AUT,industry,space_heating,electricity,0.3376132515602781
AUT,industry,process_heating,heat,2.4861715521880603
AUT,industry,space_heating,heat,1.83534732113056
AUT,industry,process_heating,natural_gas,20.423794008140014
AUT,industry,space_heating,natural_gas,10.216979681300867
AUT,industry,process_heating,oil,5.389760213028881
AUT,industry,space_heating,oil,2.10108754450306
AUT,industry,process_heating,other_renewable,0.6480854475516665
AUT,industry,space_heating,other_renewable,0.0513170133419444
AUT,industry,process_heating,solar_thermal,0.0
AUT,industry,space_heating,solar_thermal,0.0314319920597222
AUT,industry,process_heating,solid_fossil,22.0006498829936
AUT,industry,space_heating,solid_fossil,0.00325506870916667
BEL,industry,process_heating,biomass,7.182680136769991
BEL,industry,space_heating,biomass,0.00892228829416666
BEL,industry,process_heating,electricity,2.6755956234638907
BEL,industry,space_heating,electricity,0.23178993725500038
BEL,industry,process_heating,heat,4.95099169902666
BEL,industry,space_heating,heat,0.776831407042778
BEL,industry,process_heating,natural_gas,34.68205031514084
BEL,industry,space_heating,natural_gas,9.045995924974443
BEL,industry,process_heating,oil,4.04682735954
BEL,industry,space_heating,oil,0.794785249684722
BEL,industry,process_heating,other_renewable,0.16028886297027783
BEL,industry,space_heating,other_renewable,0.0401021232897222
BEL,industry,process_heating,solar_thermal,0.0
BEL,industry,space_heating,solar_thermal,0.0573067053694444
BEL,industry,process_heating,solid_fossil,24.805903170570836
BEL,industry,space_heating,solid_fossil,0.00391723839888889
BGR,industry,process_heating,biomass,2.189226793809723
BGR,industry,space_heating,biomass,0.0871063458416667
BGR,industry,process_heating,electricity,0.6057304656738892
BGR,industry,space_heating,electricity,0.11604745676277745
BGR,industry,process_heating,heat,4.57775511116139
BGR,industry,space_heating,heat,1.38460657656694
BGR,industry,process_heating,natural_gas,6.013489983333617
BGR,industry,space_heating,natural_gas,3.072975511463054
BGR,industry,process_heating,oil,0.7047805803261119
BGR,industry,space_heating,oil,0.267702418498056
BGR,industry,process_heating,other_renewable,0.16997659393638898
BGR,industry,space_heating,other_renewable,0.0241883420355556
BGR,industry,process_heating,solar_thermal,0.0
BGR,industry,space_heating,solar_thermal,0.00551911664305556
BGR,industry,process_heating,solid_fossil,3.7053675380480557
BGR,industry,space_heating,solid_fossil,0.00405762055888889
CYP,industry,process_heating,biomass,0.044905231798333306
CYP,industry,space_heating,biomass,0.000915638950833334
CYP,industry,process_heating,electricity,0.008546597194722234
CYP,industry,space_heating,electricity,0.017406053548055578
CYP,industry,process_heating,heat,0.0
CYP,industry,space_heating,heat,0.0
CYP,industry,process_heating,natural_gas,0.11986738000222219
CYP,industry,space_heating,natural_gas,0.002656017770277777
CYP,industry,process_heating,oil,0.3017854335522223
CYP,industry,space_heating,oil,0.0594711877233333
CYP,industry,process_heating,other_renewable,0.0031196455672222196
CYP,industry,space_heating,other_renewable,0.00125542858055556
CYP,industry,process_heating,solar_thermal,0.0
CYP,industry,space_heating,solar_thermal,0.000462887175
CYP,industry,process_heating,solid_fossil,0.832984212683056
CYP,industry,space_heating,solid_fossil,0.000263279554722222
CZE,industry,process_heating,biomass,5.304702802233893
CZE,industry,space_heating,biomass,0.05475123662
CZE,industry,process_heating,electricity,0.5070788610874994
CZE,industry,space_heating,electricity,0.3084737405513886
CZE,industry,process_heating,heat,4.985104585413611
CZE,industry,space_heating,heat,2.67685931050944
CZE,industry,process_heating,natural_gas,15.134041299360288
CZE,industry,space_heating,natural_gas,9.377811521060828
CZE,industry,process_heating,oil,1.9211477979133331
CZE,industry,space_heating,oil,0.522693010926667
CZE,industry,process_heating,other_renewable,0.2689107795791664
CZE,industry,space_heating,other_renewable,0.0619852853669444
CZE,industry,process_heating,solar_thermal,0.0
CZE,industry,space_heating,solar_thermal,0.0217737422805556
CZE,industry,process_heating,solid_fossil,27.228649332501657
CZE,industry,space_heating,solid_fossil,0.00792440329055555
DEU,industry,process_heating,biomass,21.99053476498278
DEU,industry,space_heating,biomass,0.151429056074722
DEU,industry,process_heating,electricity,14.783110202719712
DEU,industry,space_heating,electricity,1.3635207551519468
DEU,industry,process_heating,heat,46.98523106320749
DEU,industry,space_heating,heat,11.7066352838158
DEU,industry,process_heating,natural_gas,173.15783931428183
DEU,industry,space_heating,natural_gas,44.52672168372696
DEU,industry,process_heating,oil,29.243572513085578
DEU,industry,space_heating,oil,5.23877356317
DEU,industry,process_heating,other_renewable,2.639701922760283
DEU,industry,space_heating,other_renewable,0.189208256529722
DEU,industry,process_heating,solar_thermal,0.0
DEU,industry,space_heating,solar_thermal,0.149619838602222
DEU,industry,process_heating,solid_fossil,140.4607392946122
DEU,industry,space_heating,solid_fossil,0.0471811608652778
DNK,industry,process_heating,biomass,2.044046928598611
DNK,industry,space_heating,biomass,0.00114941623305556
DNK,industry,process_heating,electricity,0.21053163899472216
DNK,industry,space_heating,electricity,0.05816981064444443
DNK,industry,process_heating,heat,1.066748050559167
DNK,industry,space_heating,heat,0.323006392795278
DNK,industry,process_heating,natural_gas,6.284552772306392
DNK,industry,space_heating,natural_gas,1.6790307895169478
DNK,industry,process_heating,oil,2.614677412175834
DNK,industry,space_heating,oil,0.56069246837
DNK,industry,process_heating,other_renewable,0.1503335660805556
DNK,industry,space_heating,other_renewable,0.0152592900466667
DNK,industry,process_heating,solar_thermal,0.0
DNK,industry,space_heating,solar_thermal,0.0101564059622222
DNK,industry,process_heating,solid_fossil,3.2842206860552774
DNK,industry,space_heating,solid_fossil,0.000975676958333333
ESP,industry,process_heating,biomass,14.486434018429735
ESP,industry,space_heating,biomass,0.0225524324936111
ESP,industry,process_heating,electricity,8.458765330713891
ESP,industry,space_heating,electricity,0.5483677612200004
ESP,industry,process_heating,heat,0.0
ESP,industry,space_heating,heat,0.269712283332778
ESP,industry,process_heating,natural_gas,75.74628834695636
ESP,industry,space_heating,natural_gas,20.95297958705833
ESP,industry,process_heating,oil,11.65588347776001
ESP,industry,space_heating,oil,3.65048628838361
ESP,industry,process_heating,other_renewable,0.00536228128583333
ESP,industry,space_heating,other_renewable,0.0763857942569445
ESP,industry,process_heating,solar_thermal,0.0
ESP,industry,space_heating,solar_thermal,0.0700424679394444
ESP,industry,process_heating,solid_fossil,38.74228553445194
ESP,industry,space_heating,solid_fossil,0.0115696962133333
EST,industry,process_heating,biomass,0.9044097456094451
EST,industry,space_heating,biomass,0.00102415279416667
EST,industry,process_heating,electricity,0.022843151152777783
EST,industry,space_heating,electricity,0.0226218987977778
EST,industry,process_heating,heat,0.331948291444445
EST,industry,space_heating,heat,0.155665115829722
EST,industry,process_heating,natural_gas,1.0261833865375
EST,industry,space_heating,natural_gas,0.45216731240583313
EST,industry,process_heating,oil,0.951072203668611
EST,industry,space_heating,oil,0.237341134618056
EST,industry,process_heating,other_renewable,0.020596121053888843
EST,industry,space_heating,other_renewable,0.00525122718305556
EST,industry,process_heating,solar_thermal,0.0
EST,industry,space_heating,solar_thermal,0.00100709544916667
EST,industry,process_heating,solid_fossil,0.4826455719655558
EST,industry,space_heating,solid_fossil,0.000521278755833333
FIN,industry,process_heating,biomass,36.73709830322192
FIN,industry,space_heating,biomass,0.0166741300422222
FIN,industry,process_heating,electricity,0.7807200152783338
FIN,industry,space_heating,electricity,0.7278604738266662
FIN,industry,process_heating,heat,7.90780242809777
FIN,industry,space_heating,heat,13.4969136123669
FIN,industry,process_heating,natural_gas,5.3556963892652725
FIN,industry,space_heating,natural_gas,3.733182148502772
FIN,industry,process_heating,oil,4.348683863335555
FIN,industry,space_heating,oil,4.29042869932722
FIN,industry,process_heating,other_renewable,0.10163435874027776
FIN,industry,space_heating,other_renewable,0.12815964373
FIN,industry,process_heating,solar_thermal,0.0
FIN,industry,space_heating,solar_thermal,0.00954315281888889
FIN,industry,process_heating,solid_fossil,14.644297206041669
FIN,industry,space_heating,solid_fossil,0.00567215314194445
FRA,industry,process_heating,biomass,13.61207023656724
FRA,industry,space_heating,biomass,0.0395577491402778
FRA,industry,process_heating,electricity,6.744227175008892
FRA,industry,space_heating,electricity,0.8261575854466665
FRA,industry,process_heating,heat,1.6229399512433331
FRA,industry,space_heating,heat,1.12241528436917
FRA,industry,process_heating,natural_gas,69.98713879894117
FRA,industry,space_heating,natural_gas,28.13382596682555
FRA,industry,process_heating,oil,15.26113279174249
FRA,industry,space_heating,oil,3.46499709872861
FRA,industry,process_heating,other_renewable,0.3303742988569435
FRA,industry,space_heating,other_renewable,0.106160800525833
FRA,industry,process_heating,solar_thermal,0.0
FRA,industry,space_heating,solar_thermal,0.0846497270858333
FRA,industry,process_heating,solid_fossil,69.42112436629745
FRA,industry,space_heating,solid_fossil,0.0181791255075
GBR,industry,process_heating,biomass,5.59493875195944
GBR,industry,space_heating,biomass,0.0149342175886111
GBR,industry,process_heating,electricity,2.511263058874724
GBR,industry,space_heating,electricity,0.7457175356136106
GBR,industry,process_heating,heat,9.413531670963621
GBR,industry,space_heating,heat,2.38721915829833
GBR,industry,process_heating,natural_gas,62.56758871361558
GBR,industry,space_heating,natural_gas,25.87744567274167
GBR,industry,process_heating,oil,31.446988851000285
GBR,industry,space_heating,oil,6.76506272365833
GBR,industry,process_heating,other_renewable,0.7089481761508325
GBR,industry,space_heating,other_renewable,0.153758736120833
GBR,industry,process_heating,solar_thermal,0.0
GBR,industry,space_heating,solar_thermal,0.103823685526667
GBR,industry,process_heating,solid_fossil,45.301173053629725
GBR,industry,space_heating,solid_fossil,0.0113446580747222
GRC,industry,process_heating,biomass,2.253657235384999
GRC,industry,space_heating,biomass,0.0226536509422222
GRC,industry,process_heating,electricity,0.9815267000794439
GRC,industry,space_heating,electricity,0.19152785582500031
GRC,industry,process_heating,heat,0.0
GRC,industry,space_heating,heat,0.0463323333272222
GRC,industry,process_heating,natural_gas,4.367882156718888
GRC,industry,space_heating,natural_gas,2.5120118568741665
GRC,industry,process_heating,oil,2.569504601447778
GRC,industry,space_heating,oil,1.54511199335167
GRC,industry,process_heating,other_renewable,0.01588499740166667
GRC,industry,space_heating,other_renewable,0.0210247283713889
GRC,industry,process_heating,solar_thermal,0.0
GRC,industry,space_heating,solar_thermal,0.00877837574027778
GRC,industry,process_heating,solid_fossil,7.84869365876139
GRC,industry,space_heating,solid_fossil,0.00395507357555556
HRV,industry,process_heating,biomass,0.7394050420894449
HRV,industry,space_heating,biomass,0.0
HRV,industry,process_heating,electricity,0.08279274682194437
HRV,industry,space_heating,electricity,0.0
HRV,industry,process_heating,heat,0.660706406352222
HRV,industry,space_heating,heat,0.0
HRV,industry,process_heating,natural_gas,4.157342903624446
HRV,industry,space_heating,natural_gas,0.0
HRV,industry,process_heating,oil,1.8420196282180559
HRV,industry,space_heating,oil,0.0
HRV,industry,process_heating,other_renewable,0.03607427524694445
HRV,industry,space_heating,other_renewable,0.0
HRV,industry,process_heating,solar_thermal,0.0
HRV,industry,space_heating,solar_thermal,0.0
HRV,industry,process_heating,solid_fossil,2.734729836694444
HRV,industry,space_heating,solid_fossil,0.0
HUN,industry,process_heating,biomass,1.6796781608691669
HUN,industry,space_heating,biomass,0.0378151781119444
HUN,industry,process_heating,electricity,0.20739551107472232
HUN,industry,space_heating,electricity,0.08192686359555552
HUN,industry,process_heating,heat,3.23022769567667
HUN,industry,space_heating,heat,0.490464277829167
HUN,industry,process_heating,natural_gas,6.689592660122232
HUN,industry,space_heating,natural_gas,3.2394090805413844
HUN,industry,process_heating,oil,0.44730881710000026
HUN,industry,space_heating,oil,9.57756713888889e-05
HUN,industry,process_heating,other_renewable,0.07241145987888883
HUN,industry,space_heating,other_renewable,0.0190590771441667
HUN,industry,process_heating,solar_thermal,0.0
HUN,industry,space_heating,solar_thermal,0.00202815072527778
HUN,industry,process_heating,solid_fossil,7.4462396825788915
HUN,industry,space_heating,solid_fossil,0.00144817360583333
IRL,industry,process_heating,biomass,1.781747046718333
IRL,industry,space_heating,biomass,0.00295664610888889
IRL,industry,process_heating,electricity,0.08904483120416655
IRL,industry,space_heating,electricity,0.10922481568611156
IRL,industry,process_heating,heat,0.0
IRL,industry,space_heating,heat,0.0317146579422222
IRL,industry,process_heating,natural_gas,5.69505153566833
IRL,industry,space_heating,natural_gas,1.829009724365559
IRL,industry,process_heating,oil,2.5063107302227783
IRL,industry,space_heating,oil,1.35814379024083
IRL,industry,process_heating,other_renewable,0.1238949690802778
IRL,industry,space_heating,other_renewable,0.0135146634502778
IRL,industry,process_heating,solar_thermal,0.0
IRL,industry,space_heating,solar_thermal,0.00847139243861111
IRL,industry,process_heating,solid_fossil,3.0936648161388884
IRL,industry,space_heating,solid_fossil,0.00253136506833333
ITA,industry,process_heating,biomass,3.5047567716950008
ITA,industry,space_heating,biomass,0.023861188225
ITA,industry,process_heating,electricity,13.894328521971941
ITA,industry,space_heating,electricity,0.823240532553056
ITA,industry,process_heating,heat,23.6580896527178
ITA,industry,space_heating,heat,5.713286920125
ITA,industry,process_heating,natural_gas,76.38859293163938
ITA,industry,space_heating,natural_gas,26.46717030406498
ITA,industry,process_heating,oil,14.027240521643606
ITA,industry,space_heating,oil,1.91206042949611
ITA,industry,process_heating,other_renewable,0.2727856210466658
ITA,industry,space_heating,other_renewable,0.157343618524167
ITA,industry,process_heating,solar_thermal,0.0
ITA,industry,space_heating,solar_thermal,0.138415973478333
ITA,industry,process_heating,solid_fossil,64.36126599648081
ITA,industry,space_heating,solid_fossil,0.0190246888063889
LTU,industry,process_heating,biomass,1.051025182546944
LTU,industry,space_heating,biomass,0.00174219769916667
LTU,industry,process_heating,electricity,0.043569411419166704
LTU,industry,space_heating,electricity,0.04062652573972218
LTU,industry,process_heating,heat,2.24632461941862
LTU,industry,space_heating,heat,0.2446731697325
LTU,industry,process_heating,natural_gas,2.3082035844136106
LTU,industry,space_heating,natural_gas,1.0980917234719467
LTU,industry,process_heating,oil,0.2946386997266668
LTU,industry,space_heating,oil,0.173155978315
LTU,industry,process_heating,other_renewable,0.024773248815833378
LTU,industry,space_heating,other_renewable,0.0124146511133333
LTU,industry,process_heating,solar_thermal,0.0
LTU,industry,space_heating,solar_thermal,0.00163668175777778
LTU,industry,process_heating,solid_fossil,1.5918693327741686
LTU,industry,space_heating,solid_fossil,0.000890611728611111
LUX,industry,process_heating,biomass,0.23985429683194445
LUX,industry,space_heating,biomass,0.00186098684138889
LUX,industry,process_heating,electricity,1.450853591439448
LUX,industry,space_heating,electricity,0.022299466830277767
LUX,industry,process_heating,heat,0.032432994419722194
LUX,industry,space_heating,heat,0.0365159405988889
LUX,industry,process_heating,natural_gas,2.032893820029721
LUX,industry,space_heating,natural_gas,0.8106306718555559
LUX,industry,process_heating,oil,0.13096927035055567
LUX,industry,space_heating,oil,0.0623434655883333
LUX,industry,process_heating,other_renewable,0.002873872984999996
LUX,industry,space_heating,other_renewable,0.002827152855
LUX,industry,process_heating,solar_thermal,0.0
LUX,industry,space_heating,solar_thermal,0.00235850494666667
LUX,industry,process_heating,solid_fossil,1.0518080442863902
LUX,industry,space_heating,solid_fossil,0.000402279677777778
LVA,industry,process_heating,biomass,3.2781964930577767
LVA,industry,space_heating,biomass,0.00192945239166667
LVA,industry,process_heating,electricity,0.5860215016200003
LVA,industry,space_heating,electricity,0.04106314551833333
LVA,industry,process_heating,heat,0.1537251064
LVA,industry,space_heating,heat,0.0717807356680556
LVA,industry,process_heating,natural_gas,1.465327354961944
LVA,industry,space_heating,natural_gas,0.9334112258155556
LVA,industry,process_heating,oil,0.35939432085305545
LVA,industry,space_heating,oil,0.253541025584722
LVA,industry,process_heating,other_renewable,0.06500092629722225
LVA,industry,space_heating,other_renewable,0.00547559056555556
LVA,industry,process_heating,solar_thermal,0.0
LVA,industry,space_heating,solar_thermal,0.00177049120277778
LVA,industry,process_heating,solid_fossil,1.6008015194297216
LVA,industry,space_heating,solid_fossil,0.00103193590527778
MLT,industry,process_heating,biomass,0.0
MLT,industry,space_heating,biomass,0.000118958978888889
MLT,industry,process_heating,electricity,0.04455609657972227
MLT,industry,space_heating,electricity,0.003215285721388893
MLT,industry,process_heating,heat,0.0
MLT,industry,space_heating,heat,0.0
MLT,industry,process_heating,natural_gas,0.0
MLT,industry,space_heating,natural_gas,0.0015453689086111157
MLT,industry,process_heating,oil,0.00466476828388889
MLT,industry,space_heating,oil,0.0333221335238889
MLT,industry,process_heating,other_renewable,0.0
MLT,industry,space_heating,other_renewable,0.000215380931111111
MLT,industry,process_heating,solar_thermal,0.0
MLT,industry,space_heating,solar_thermal,0.000219148848333333
MLT,industry,process_heating,solid_fossil,0.0
MLT,industry,space_heating,solid_fossil,9.28366502777778e-05
NLD,industry,process_heating,biomass,1.975607877144444
NLD,industry,space_heating,biomass,0.0229751649225
NLD,industry,process_heating,electricity,0.990132530279444
NLD,industry,space_heating,electricity,0.2719854781899999
NLD,industry,process_heating,heat,11.30024112570611
NLD,industry,space_heating,heat,1.27819009304861
NLD,industry,process_heating,natural_gas,42.58915066359917
NLD,industry,space_heating,natural_gas,12.9706970020592
NLD,industry,process_heating,oil,2.940821908026389
NLD,industry,space_heating,oil,1.58341225067194
NLD,industry,process_heating,other_renewable,0.2984745528986106
NLD,industry,space_heating,other_renewable,0.0448138879288889
NLD,industry,process_heating,solar_thermal,0.0
NLD,industry,space_heating,solar_thermal,0.0498326447547222
NLD,industry,process_heating,solid_fossil,51.700287558188904
NLD,industry,space_heating,solid_fossil,0.00860629081944444
POL,industry,process_heating,biomass,13.065511282472507
POL,industry,space_heating,biomass,0.0156364158175
POL,industry,process_heating,electricity,3.8461477045024965
POL,industry,space_heating,electricity,0.23337067188972202
POL,industry,process_heating,heat,6.68090001870306
POL,industry,space_heating,heat,1.783969765675
POL,industry,process_heating,natural_gas,38.747379302272506
POL,industry,space_heating,natural_gas,4.88429275973472
POL,industry,process_heating,oil,6.563427541123612
POL,industry,space_heating,oil,0.954130575960833
POL,industry,process_heating,other_renewable,0.9312766647694444
POL,industry,space_heating,other_renewable,0.0268034513961111
POL,industry,process_heating,solar_thermal,0.0
POL,industry,space_heating,solar_thermal,0.00462155469638889
POL,industry,process_heating,solid_fossil,60.21666567238965
POL,industry,space_heating,solid_fossil,0.00322226933694444
PRT,industry,process_heating,biomass,11.694282851543619
PRT,industry,space_heating,biomass,0.00360193878527778
PRT,industry,process_heating,electricity,1.5691970253083285
PRT,industry,space_heating,electricity,0.1527504291194449
PRT,industry,process_heating,heat,3.0119748562277797
PRT,industry,space_heating,heat,0.916604410386389
PRT,industry,process_heating,natural_gas,9.551257326110285
PRT,industry,space_heating,natural_gas,3.4944119083522254
PRT,industry,process_heating,oil,2.745871818259999
PRT,industry,space_heating,oil,0.983696229330556
PRT,industry,process_heating,other_renewable,0.2511318761155562
PRT,industry,space_heating,other_renewable,0.0279438426491667
PRT,industry,process_heating,solar_thermal,0.0
PRT,industry,space_heating,solar_thermal,0.0132732009483333
PRT,industry,process_heating,solid_fossil,6.671641729840008
PRT,industry,space_heating,solid_fossil,0.00216585579833333
ROU,industry,process_heating,biomass,3.544008623801666
ROU,industry,space_heating,biomass,0.0200636292022222
ROU,industry,process_heating,electricity,1.5309322827013887
ROU,industry,space_heating,electricity,0.1408874590486112
ROU,industry,process_heating,heat,3.11296253828916
ROU,industry,space_heating,heat,0.540013453063056
ROU,industry,process_heating,natural_gas,27.52747995271973
ROU,industry,space_heating,natural_gas,4.769191616640278
ROU,industry,process_heating,oil,3.6367148215775003
ROU,industry,space_heating,oil,1.47299420016222
ROU,industry,process_heating,other_renewable,0.2522353016677772
ROU,industry,space_heating,other_renewable,0.0453139648916667
ROU,industry,process_heating,solar_thermal,0.0
ROU,industry,space_heating,solar_thermal,0.0141895731616667
ROU,industry,process_heating,solid_fossil,19.935192373886384
ROU,industry,space_heating,solid_fossil,0.00717921348777778
SVK,industry,process_heating,biomass,5.133249924674446
SVK,industry,space_heating,biomass,0.256577438947222
SVK,industry,process_heating,electricity,0.5773989046961119
SVK,industry,space_heating,electricity,0.3071190546444442
SVK,industry,process_heating,heat,1.017190447657222
SVK,industry,space_heating,heat,0.972714559218889
SVK,industry,process_heating,natural_gas,6.0897305159655595
SVK,industry,space_heating,natural_gas,9.940723658974997
SVK,industry,process_heating,oil,1.4765126205777777
SVK,industry,space_heating,oil,0.555366157101667
SVK,industry,process_heating,other_renewable,0.03430333867222218
SVK,industry,space_heating,other_renewable,0.0506605618486111
SVK,industry,process_heating,solar_thermal,0.0
SVK,industry,space_heating,solar_thermal,0.0139875923755556
SVK,industry,process_heating,solid_fossil,17.496180212123047
SVK,industry,space_heating,solid_fossil,0.00872275655638889
SVN,industry,process_heating,biomass,0.4564892923797224
SVN,industry,space_heating,biomass,0.00157701572138889
SVN,industry,process_heating,electricity,0.4692125892269449
SVN,industry,space_heating,electricity,0.03098278042555557
SVN,industry,process_heating,heat,0.576634443524166
SVN,industry,space_heating,heat,0.176774833468333
SVN,industry,process_heating,natural_gas,3.71639404771778
SVN,industry,space_heating,natural_gas,0.9540061933641663
SVN,industry,process_heating,oil,0.5294242851755555
SVN,industry,space_heating,oil,0.246296702264722
SVN,industry,process_heating,other_renewable,0.018878758981944438
SVN,industry,space_heating,other_renewable,0.00651889495138889
SVN,industry,process_heating,solar_thermal,0.0
SVN,industry,space_heating,solar_thermal,0.00172787394888889
SVN,industry,process_heating,solid_fossil,1.5653999016605546
SVN,industry,space_heating,solid_fossil,0.00133759816972222
SWE,industry,process_heating,biomass,44.53461855725083
SWE,industry,space_heating,biomass,0.00659286973972222
SWE,industry,process_heating,electricity,1.5499080507011127
SWE,industry,space_heating,electricity,1.0625310955827745
SWE,industry,process_heating,heat,3.3466459596458398
SWE,industry,space_heating,heat,1.23377220073389
SWE,industry,process_heating,natural_gas,3.44543125546694
SWE,industry,space_heating,natural_gas,2.932742834574442
SWE,industry,process_heating,oil,5.864418361994443
SWE,industry,space_heating,oil,3.30796486157889
SWE,industry,process_heating,other_renewable,0.013741669891666659
SWE,industry,space_heating,other_renewable,0.0841780463094444
SWE,industry,process_heating,solar_thermal,0.0
SWE,industry,space_heating,solar_thermal,0.0114964488572222
SWE,industry,process_heating,solid_fossil,18.439005668177224
SWE,industry,space_heating,solid_fossil,0.00493742426416667
