country_code,NUTS3_2006,NUTS3_2016,NUTS3_2010,Source,id,Comment
AL,,,,GADM,ALB_1,"Lost from original spreasheet, but we know it's just the country as a whole"
AT,AT322,AT335,AT331,NUTS3,AUT_1,
AT,AT342,AT331,AT212,NUTS3,AUT_1,
AT,AT323,AT323,AT321,NUTS3,AUT_1,
AT,AT335,AT322,AT322,NUTS3,AUT_1,
AT,AT321,AT321,AT323,NUTS3,AUT_1,
AT,AT333,AT332,AT332,NUTS3,AUT_1,
AT,AT211,AT333,AT211,NUTS3,AUT_1,
AT,AT331,AT334,AT334,NUTS3,AUT_1,
AT,AT341,AT342,AT335,NUTS3,AUT_1,
AT,AT212,AT341,AT341,NUTS3,AUT_1,
AT,AT332,AT211,AT342,NUTS3,AUT_1,
AT,AT334,AT212,AT333,NUTS3,AUT_1,
AT,AT314,AT313,AT312,NUTS3,AUT_2,
AT,AT315,AT312,AT311,NUTS3,AUT_2,
AT,AT313,AT311,AT226,NUTS3,AUT_2,
AT,AT312,AT226,AT225,NUTS3,AUT_2,
AT,AT224,AT225,AT224,NUTS3,AUT_2,
AT,AT311,AT224,AT222,NUTS3,AUT_2,
AT,AT223,AT223,AT221,NUTS3,AUT_2,
AT,AT222,AT315,AT213,NUTS3,AUT_2,
AT,AT225,AT213,AT313,NUTS3,AUT_2,
AT,AT226,AT314,AT315,NUTS3,AUT_2,
AT,AT213,AT222,AT223,NUTS3,AUT_2,
AT,AT221,AT221,AT314,NUTS3,AUT_2,
AT,AT111,AT130,AT111,NUTS3,AUT_3,
AT,AT112,AT127,AT127,NUTS3,AUT_3,
AT,AT122,AT126,AT130,NUTS3,AUT_3,
AT,AT123,AT125,AT113,NUTS3,AUT_3,
AT,AT124,AT111,AT121,NUTS3,AUT_3,
AT,AT121,AT122,AT122,NUTS3,AUT_3,
AT,AT130,AT112,AT112,NUTS3,AUT_3,
AT,AT126,AT123,AT124,NUTS3,AUT_3,
AT,AT127,AT124,AT125,NUTS3,AUT_3,
AT,AT125,AT121,AT126,NUTS3,AUT_3,
AT,AT113,AT113,AT123,NUTS3,AUT_3,
BA,,,,GADM,BIH_1,
BE,,,,NUTS0,BEL_1,
BG,,,,NUTS0,BGR_1,
CH,CH040,CH061,CH066,NUTS3,CHE_1,
CH,CH033,CH023,CH065,NUTS3,CHE_1,
CH,CH052,CH025,CH064,NUTS3,CHE_1,
CH,CH031,CH031,CH063,NUTS3,CHE_1,
CH,CH066,CH032,CH061,NUTS3,CHE_1,
CH,CH063,CH033,CH057,NUTS3,CHE_1,
CH,CH064,CH040,CH055,NUTS3,CHE_1,
CH,CH013,CH052,CH053,NUTS3,CHE_1,
CH,CH023,CH054,CH052,NUTS3,CHE_1,
CH,CH024,CH013,CH051,NUTS3,CHE_1,
CH,CH022,CH021,CH054,NUTS3,CHE_1,
CH,CH025,CH022,CH040,NUTS3,CHE_1,
CH,CH057,CH024,CH032,NUTS3,CHE_1,
CH,CH053,CH053,CH031,NUTS3,CHE_1,
CH,CH032,CH066,CH025,NUTS3,CHE_1,
CH,CH054,CH065,CH024,NUTS3,CHE_1,
CH,CH061,CH011,CH023,NUTS3,CHE_1,
CH,CH065,CH063,CH022,NUTS3,CHE_1,
CH,CH055,CH051,CH021,NUTS3,CHE_1,
CH,CH021,CH057,CH033,NUTS3,CHE_1,
CH,CH011,CH055,CH013,NUTS3,CHE_1,
CH,CH051,CH064,CH011,NUTS3,CHE_1,
CH,CH012,CH062,CH070,NUTS3,CHE_2,
CH,CH056,CH070,CH012,NUTS3,CHE_2,
CH,CH062,CH056,CH062,NUTS3,CHE_2,
CH,CH070,CH012,CH056,NUTS3,CHE_2,
CZ,CZ051,CZ041,CZ010,NUTS3,CZE_1,
CZ,CZ052,CZ032,CZ020,NUTS3,CZE_1,
CZ,CZ042,CZ010,CZ031,NUTS3,CZE_1,
CZ,CZ041,CZ020,CZ032,NUTS3,CZE_1,
CZ,CZ032,CZ031,CZ041,NUTS3,CZE_1,
CZ,CZ020,CZ051,CZ042,NUTS3,CZE_1,
CZ,CZ031,CZ052,CZ051,NUTS3,CZE_1,
CZ,CZ010,CZ042,CZ052,NUTS3,CZE_1,
CZ,CZ080,CZ080,CZ071,NUTS3,CZE_2,
CZ,CZ072,CZ063,CZ072,NUTS3,CZE_2,
CZ,CZ063,CZ071,CZ080,NUTS3,CZE_2,
CZ,CZ053,CZ064,CZ064,NUTS3,CZE_2,
CZ,CZ071,CZ072,CZ053,NUTS3,CZE_2,
CZ,CZ064,CZ053,CZ063,NUTS3,CZE_2,
DE,DEF02,DE94H,DE600,NUTS3,DEU_1,
DE,DE94A,DE937,DE925,NUTS3,DEU_1,
DE,DE94H,DEF04,DE923,NUTS3,DEU_1,
DE,DEF0C,DE938,DE922,NUTS3,DEU_1,
DE,DEF0B,DE93B,DE91B,NUTS3,DEU_1,
DE,DEF09,DE93A,DE91A,NUTS3,DEU_1,
DE,DE911,DE928,DE919,NUTS3,DEU_1,
DE,DE938,DE600,DE918,NUTS3,DEU_1,
DE,DE948,DE502,DE917,NUTS3,DEU_1,
DE,DE93B,DE939,DE916,NUTS3,DEU_1,
DE,DE94D,DE501,DE502,NUTS3,DEU_1,
DE,DE944,DEF06,DE915,NUTS3,DEU_1,
DE,DE949,DEF05,DE913,NUTS3,DEU_1,
DE,DE941,DE941,DE912,NUTS3,DEU_1,
DE,DE925,DEF03,DE911,NUTS3,DEU_1,
DE,DE923,DE929,DE94C,NUTS3,DEU_1,
DE,DE919,DE936,DE94D,NUTS3,DEU_1,
DE,DE912,DE912,DE94E,NUTS3,DEU_1,
DE,DE94E,DE913,DE94F,NUTS3,DEU_1,
DE,DE91B,DE914,DE94G,NUTS3,DEU_1,
DE,DE929,DE916,DE94H,NUTS3,DEU_1,
DE,DE93A,DE917,DE926,NUTS3,DEU_1,
DE,DE947,DE932,DE914,NUTS3,DEU_1,
DE,DE945,DE931,DE927,NUTS3,DEU_1,
DE,DEF04,DE918,DE929,NUTS3,DEU_1,
DE,DEF0D,DE91A,DE501,NUTS3,DEU_1,
DE,DE502,DE91B,DE949,NUTS3,DEU_1,
DE,DE937,DE945,DE948,NUTS3,DEU_1,
DE,DE939,DE946,DE947,NUTS3,DEU_1,
DE,DEF07,DE947,DE946,NUTS3,DEU_1,
DE,DEF05,DE911,DE945,NUTS3,DEU_1,
DE,DEF03,DE948,DE944,NUTS3,DEU_1,
DE,DEF0F,DE94A,DE943,NUTS3,DEU_1,
DE,DE933,DE94B,DE942,NUTS3,DEU_1,
DE,DEF08,DE94C,DE941,NUTS3,DEU_1,
DE,DE932,DE94D,DE93B,NUTS3,DEU_1,
DE,DEF01,DE91C,DE93A,NUTS3,DEU_1,
DE,DEF0A,DE922,DE939,NUTS3,DEU_1,
DE,DEF06,DE923,DE938,NUTS3,DEU_1,
DE,DEF0E,DE925,DE937,NUTS3,DEU_1,
DE,DE600,DE926,DE936,NUTS3,DEU_1,
DE,DE94G,DE927,DE935,NUTS3,DEU_1,
DE,DE94B,DE94E,DE934,NUTS3,DEU_1,
DE,DE922,DE94F,DE933,NUTS3,DEU_1,
DE,DE942,DE94G,DE932,NUTS3,DEU_1,
DE,DE936,DE949,DE931,NUTS3,DEU_1,
DE,DE935,DEF02,DE928,NUTS3,DEU_1,
DE,DE94C,DEF07,DE94A,NUTS3,DEU_1,
DE,DE931,DE933,DE94B,NUTS3,DEU_1,
DE,DE946,DEF01,DEF05,NUTS3,DEU_1,
DE,DE913,DEF08,DEF01,NUTS3,DEU_1,
DE,DE927,DEF09,DEF02,NUTS3,DEU_1,
DE,DE917,DEF0A,DEF03,NUTS3,DEU_1,
DE,DE928,DEF0C,DEF04,NUTS3,DEU_1,
DE,DE916,DEF0D,DEF06,NUTS3,DEU_1,
DE,DE94F,DEF0B,DEF07,NUTS3,DEU_1,
DE,DE91A,DEF0F,DEF08,NUTS3,DEU_1,
DE,DE926,DE942,DEF0A,NUTS3,DEU_1,
DE,DE934,DE943,DEF0B,NUTS3,DEU_1,
DE,DE501,DE944,DEF0C,NUTS3,DEU_1,
DE,DE943,DE934,DEF0D,NUTS3,DEU_1,
DE,DE914,DE935,DEF0E,NUTS3,DEU_1,
DE,DE915,DEF0E,DEF0F,NUTS3,DEU_1,
DE,DE918,,DEF09,NUTS3,DEU_1,
DE,DE807,DEE0D,DE40H,NUTS3,DEU_2,
DE,DE803,DE40D,DE40F,NUTS3,DEU_2,
DE,DE80C,DE40E,DE40I,NUTS3,DEU_2,
DE,DE804,DE40F,DEE03,NUTS3,DEU_2,
DE,DE426,DE40H,DEE07,NUTS3,DEU_2,
DE,DEE0D,DE40I,DE40E,NUTS3,DEU_2,
DE,DEE03,DE40C,DEE06,NUTS3,DEU_2,
DE,DE300,DE404,DE40D,NUTS3,DEU_2,
DE,DE412,DE409,DE403,NUTS3,DEU_2,
DE,DE80F,DE408,DE40A,NUTS3,DEU_2,
DE,DE80A,DE406,DE409,NUTS3,DEU_2,
DE,DE80B,DE405,DE408,NUTS3,DEU_2,
DE,DE801,DEE07,DE406,NUTS3,DEU_2,
DE,DE808,DE403,DE405,NUTS3,DEU_2,
DE,DE418,DE401,DE404,NUTS3,DEU_2,
DE,DE80H,DEE03,DEE0D,NUTS3,DEU_2,
DE,DE809,DEE04,DE40C,NUTS3,DEU_2,
DE,DE80E,DE40A,DE801,NUTS3,DEU_2,
DE,DE80D,DEE06,DE809,NUTS3,DEU_2,
DE,DE805,DE300,DE803,NUTS3,DEU_2,
DE,DE80G,DE80N,DE80I,NUTS3,DEU_2,
DE,DE80I,DE803,DE80H,NUTS3,DEU_2,
DE,DEE06,DE804,DE80G,NUTS3,DEU_2,
DE,DE428,DE80J,DE80F,NUTS3,DEU_2,
DE,DE417,DE80K,DE80E,NUTS3,DEU_2,
DE,DEE04,DE80L,DE80D,NUTS3,DEU_2,
DE,DE423,DE80M,DE80C,NUTS3,DEU_2,
DE,DE421,DE80O,DE80B,NUTS3,DEU_2,
DE,DEE07,,DE80A,NUTS3,DEU_2,
DE,DE416,,DE401,NUTS3,DEU_2,
DE,DE415,,DE808,NUTS3,DEU_2,
DE,DE424,,DE807,NUTS3,DEU_2,
DE,DE42A,,DE806,NUTS3,DEU_2,
DE,DE414,,DE805,NUTS3,DEU_2,
DE,DE413,,DE804,NUTS3,DEU_2,
DE,DE802,,DE802,NUTS3,DEU_2,
DE,DE806,,DE300,NUTS3,DEU_2,
DE,DE411,,DEE04,NUTS3,DEU_2,
DE,DEA54,DEA28,DEA19,NUTS3,DEU_3,
DE,DEA44,DEA29,DEA32,NUTS3,DEU_3,
DE,DEA1B,DEA2A,DEA26,NUTS3,DEU_3,
DE,DEA47,DEA2B,DEA2D,NUTS3,DEU_3,
DE,DEA43,DEA58,DEA2C,NUTS3,DEU_3,
DE,DEA34,DEA26,DEA2B,NUTS3,DEU_3,
DE,DEA45,DEA27,DEA2A,NUTS3,DEU_3,
DE,DEA36,DEA23,DEA29,NUTS3,DEU_3,
DE,DEA1F,DEA2D,DEA28,NUTS3,DEU_3,
DE,DEA42,DEA24,DEA11,NUTS3,DEU_3,
DE,DEA41,DEA54,DEA12,NUTS3,DEU_3,
DE,DEA38,DEA53,DEA13,NUTS3,DEU_3,
DE,DEA46,DEA22,DEA14,NUTS3,DEU_3,
DE,DEA37,DEA55,DEA15,NUTS3,DEU_3,
DE,DEA35,DEA56,DEA16,NUTS3,DEU_3,
DE,DEA33,DEA57,DEA17,NUTS3,DEU_3,
DE,DEA26,DEA31,DEA18,NUTS3,DEU_3,
DE,DEA55,DEA59,DEA1A,NUTS3,DEU_3,
DE,DEA12,DEA5A,DEA1B,NUTS3,DEU_3,
DE,DEA21,DEA5B,DEA1C,NUTS3,DEU_3,
DE,DEA57,DEA5C,DEA1D,NUTS3,DEU_3,
DE,DEA1A,DEA52,DEA1E,NUTS3,DEU_3,
DE,DEA13,DEA1F,DEA1F,NUTS3,DEU_3,
DE,DEA51,DEA2C,DEA22,NUTS3,DEU_3,
DE,DEA2A,DEA1D,DEA23,NUTS3,DEU_3,
DE,DEA15,DEA43,DEA27,NUTS3,DEU_3,
DE,DEA56,DEA44,DEA33,NUTS3,DEU_3,
DE,DEA59,DEA45,DEA34,NUTS3,DEU_3,
DE,DEA18,DEA46,DEA31,NUTS3,DEU_3,
DE,DEA19,DEA47,DEA36,NUTS3,DEU_3,
DE,DEA58,DEA1E,DEA5C,NUTS3,DEU_3,
DE,DEA16,DEA42,DEA5B,NUTS3,DEU_3,
DE,DEA2C,DEA41,DEA5A,NUTS3,DEU_3,
DE,DEA29,DEA37,DEA59,NUTS3,DEU_3,
DE,DEA25,DEA36,DEA58,NUTS3,DEU_3,
DE,DEA2B,DEA35,DEA57,NUTS3,DEU_3,
DE,DEA5A,DEA34,DEA56,NUTS3,DEU_3,
DE,DEA5C,DEA33,DEA55,NUTS3,DEU_3,
DE,DEA5B,DEA32,DEA54,NUTS3,DEU_3,
DE,DEA1E,DEA38,DEA53,NUTS3,DEU_3,
DE,DEA53,DEA11,DEA35,NUTS3,DEU_3,
DE,DEA14,DEA51,DEA51,NUTS3,DEU_3,
DE,DEA1C,DEA19,DEA47,NUTS3,DEU_3,
DE,DEA24,DEA1B,DEA52,NUTS3,DEU_3,
DE,DEA28,DEA12,DEA42,NUTS3,DEU_3,
DE,DEA22,DEA13,DEA37,NUTS3,DEU_3,
DE,DEA11,DEA14,DEA38,NUTS3,DEU_3,
DE,DEA23,DEA15,DEA41,NUTS3,DEU_3,
DE,DEA31,DEA16,DEA43,NUTS3,DEU_3,
DE,DEA32,DEA1A,DEA44,NUTS3,DEU_3,
DE,DEA52,DEA17,DEA24,NUTS3,DEU_3,
DE,DEA1D,DEA1C,DEA46,NUTS3,DEU_3,
DE,DEA27,DEA18,DEA45,NUTS3,DEU_3,
DE,DEA17,,,NUTS3,DEU_3,
DE,DEE01,DE40B,DED52,NUTS3,DEU_4,
DE,DE427,DEG06,DED51,NUTS3,DEU_4,
DE,DE425,DEG07,DED42,NUTS3,DEU_4,
DE,DE422,DEG0B,DED43,NUTS3,DEU_4,
DE,DEE05,DEG09,DED44,NUTS3,DEU_4,
DE,DEE0C,DEG0A,DED41,NUTS3,DEU_4,
DE,DEE09,DEG0C,DED2F,NUTS3,DEU_4,
DE,DE429,DEG0D,DED2E,NUTS3,DEU_4,
DE,DEE0E,DEG0E,DED2D,NUTS3,DEU_4,
DE,DED17,DEE0E,DED45,NUTS3,DEU_4,
DE,DEG04,DE407,DEG0D,NUTS3,DEU_4,
DE,DEG0D,DEE0A,DEE01,NUTS3,DEU_4,
DE,DEG05,DEE0B,DEG0P,NUTS3,DEU_4,
DE,DED1B,DEG01,DEG0N,NUTS3,DEU_4,
DE,DED2B,DEG02,DEG0M,NUTS3,DEU_4,
DE,DEE02,DEG03,DEG0L,NUTS3,DEU_4,
DE,DEE08,DEE08,DEG0K,NUTS3,DEU_4,
DE,DED25,DEE09,DEG0J,NUTS3,DEU_4,
DE,DED33,DEG05,DEG0I,NUTS3,DEU_4,
DE,DED22,DEG04,DEG0H,NUTS3,DEU_4,
DE,DEG03,DEG0F,DEG0G,NUTS3,DEU_4,
DE,DEG02,DEE0C,DEG0F,NUTS3,DEU_4,
DE,DEG0L,DE402,DEG0E,NUTS3,DEU_4,
DE,DEG0H,DEG0G,DED53,NUTS3,DEU_4,
DE,DED35,DED45,DED2C,NUTS3,DEU_4,
DE,DED23,DEG0P,DEG0B,NUTS3,DEU_4,
DE,DED15,DED44,DEG0A,NUTS3,DEU_4,
DE,DEG0E,DED43,DEG09,NUTS3,DEU_4,
DE,DED27,DEG0J,DEG07,NUTS3,DEU_4,
DE,DEG0F,DEG0K,DEG06,NUTS3,DEU_4,
DE,DED11,DED52,DEG05,NUTS3,DEU_4,
DE,DED12,DED53,DEG04,NUTS3,DEU_4,
DE,DED28,DEE01,DEG03,NUTS3,DEU_4,
DE,DED21,DEE02,DEG02,NUTS3,DEU_4,
DE,DED1C,DEE05,DEG01,NUTS3,DEU_4,
DE,DEG0B,DEG0H,DEE02,NUTS3,DEU_4,
DE,DEG0P,DED42,DEG0C,NUTS3,DEU_4,
DE,DEG0I,DED41,DED21,NUTS3,DEU_4,
DE,DED13,DED2F,DE407,NUTS3,DEU_4,
DE,DEE0A,DED2E,DE40G,NUTS3,DEU_4,
DE,DED31,DED21,DEE08,NUTS3,DEU_4,
DE,DEG0A,DEG0N,DEE09,NUTS3,DEU_4,
DE,DEG0M,DEG0M,DEE0A,NUTS3,DEU_4,
DE,DED36,DED51,DEE0B,NUTS3,DEU_4,
DE,DEE0B,DE40G,DE402,NUTS3,DEU_4,
DE,DEG0G,DEG0L,DEE0C,NUTS3,DEU_4,
DE,DEG0C,DED2C,DEE0E,NUTS3,DEU_4,
DE,DED19,DEG0I,DE40B,NUTS3,DEU_4,
DE,DED18,DED2D,DEE05,NUTS3,DEU_4,
DE,DED1A,,,NUTS3,DEU_4,
DE,DEG0K,,,NUTS3,DEU_4,
DE,DED32,,,NUTS3,DEU_4,
DE,DED29,,,NUTS3,DEU_4,
DE,DEG0J,,,NUTS3,DEU_4,
DE,DEG07,,,NUTS3,DEU_4,
DE,DED24,,,NUTS3,DEU_4,
DE,DEG01,,,NUTS3,DEU_4,
DE,DED2A,,,NUTS3,DEU_4,
DE,DED34,,,NUTS3,DEU_4,
DE,DEG09,,,NUTS3,DEU_4,
DE,DEG0N,,,NUTS3,DEU_4,
DE,DED16,,,NUTS3,DEU_4,
DE,DED14,,,NUTS3,DEU_4,
DE,DED26,,,NUTS3,DEU_4,
DE,DEG06,,,NUTS3,DEU_4,
DE,DE735,DE732,DEB32,NUTS3,DEU_5,
DE,DE724,DEB23,DEB31,NUTS3,DEU_5,
DE,DE736,DEB17,DEB25,NUTS3,DEU_5,
DE,DE723,DEB15,DEB24,NUTS3,DEU_5,
DE,DE722,DEB12,DEB3F,NUTS3,DEU_5,
DE,DE725,DEB13,DEB33,NUTS3,DEU_5,
DE,DE737,DEB22,DEB21,NUTS3,DEU_5,
DE,DE732,DEB14,DEB1B,NUTS3,DEU_5,
DE,DE734,DE71B,DEB1A,NUTS3,DEU_5,
DE,DE731,DE71A,DEB19,NUTS3,DEU_5,
DE,DE733,DE719,DEB18,NUTS3,DEU_5,
DE,DE721,DE718,DEB17,NUTS3,DEU_5,
DE,DE716,DE717,DEB11,NUTS3,DEU_5,
DE,DE711,DE716,DEB12,NUTS3,DEU_5,
DE,DE71D,DE715,DEB13,NUTS3,DEU_5,
DE,DE71B,DE71C,DEB14,NUTS3,DEU_5,
DE,DE712,DE71D,DEB23,NUTS3,DEU_5,
DE,DE71A,DE71E,DEB22,NUTS3,DEU_5,
DE,DE715,DE721,DEB37,NUTS3,DEU_5,
DE,DE71E,DE733,DEB35,NUTS3,DEU_5,
DE,DE719,DE734,DEB3G,NUTS3,DEU_5,
DE,DE714,DE735,DEB3H,NUTS3,DEU_5,
DE,DE713,DE736,DEB3I,NUTS3,DEU_5,
DE,DE71C,DEB1C,DEB3J,NUTS3,DEU_5,
DE,DE717,DE737,DEB3K,NUTS3,DEU_5,
DE,DE718,DE711,DEC01,NUTS3,DEU_5,
DE,DEC02,DE712,DEC02,NUTS3,DEU_5,
DE,DEC04,DE713,DEC03,NUTS3,DEU_5,
DE,DEC03,DEB1B,DEC04,NUTS3,DEU_5,
DE,DEC06,DE714,DEB34,NUTS3,DEU_5,
DE,DEC05,DEB1D,DEC05,NUTS3,DEU_5,
DE,DEC01,DEB18,DEB3D,NUTS3,DEU_5,
DE,DEB12,DEB24,DEB3C,NUTS3,DEU_5,
DE,DEB13,DEB21,DEB3B,NUTS3,DEU_5,
DE,DEB1B,DE731,DEB3A,NUTS3,DEU_5,
DE,DEB18,DE725,DEB39,NUTS3,DEU_5,
DE,DEB3A,DE724,DEB38,NUTS3,DEU_5,
DE,DEB3E,DE723,DEB16,NUTS3,DEU_5,
DE,DEB24,DE722,DEB3E,NUTS3,DEU_5,
DE,DEB37,DEB1A,DEB36,NUTS3,DEU_5,
DE,DEB33,DEB11,DEC06,NUTS3,DEU_5,
DE,DEB14,DEB32,DEB15,NUTS3,DEU_5,
DE,DEB3I,DEB3B,DE71B,NUTS3,DEU_5,
DE,DEB3F,DEB3E,DE736,NUTS3,DEU_5,
DE,DEB31,DEB3D,DE737,NUTS3,DEU_5,
DE,DEB25,DEB3C,DE711,NUTS3,DEU_5,
DE,DEB3B,DEC05,DE712,NUTS3,DEU_5,
DE,DEB15,DEB3A,DE714,NUTS3,DEU_5,
DE,DEB34,DEB39,DE715,NUTS3,DEU_5,
DE,DEB23,DEB38,DE716,NUTS3,DEU_5,
DE,DEB16,DEB37,DE717,NUTS3,DEU_5,
DE,DEB32,DEB36,DE718,NUTS3,DEU_5,
DE,DEB19,DEB35,DE719,NUTS3,DEU_5,
DE,DEB21,DEB34,DE71A,NUTS3,DEU_5,
DE,DEB3D,DEB33,DE71C,NUTS3,DEU_5,
DE,DEB17,DEB31,DE713,NUTS3,DEU_5,
DE,DEB39,DEB25,DE71E,NUTS3,DEU_5,
DE,DEB22,DEB3K,DE71D,NUTS3,DEU_5,
DE,DEB36,DEC01,DE734,NUTS3,DEU_5,
DE,DEB3G,DEC02,DE732,NUTS3,DEU_5,
DE,DEB3J,DEC03,DE731,NUTS3,DEU_5,
DE,DEB35,DEC04,DE725,NUTS3,DEU_5,
DE,DEB3K,DEB3F,DE733,NUTS3,DEU_5,
DE,DEB38,DEB3G,DE723,NUTS3,DEU_5,
DE,DEB3H,DEC06,DE722,NUTS3,DEU_5,
DE,DEB1A,DEB3I,DE721,NUTS3,DEU_5,
DE,DEB11,DEB3J,DE724,NUTS3,DEU_5,
DE,DEB3C,DEB3H,DE735,NUTS3,DEU_5,
DE,DE123,DE131,DE131,NUTS3,DEU_6,
DE,DE117,DE138,DE138,NUTS3,DEU_6,
DE,DE126,DE139,DE132,NUTS3,DEU_6,
DE,DE122,DE13A,DE133,NUTS3,DEU_6,
DE,DE128,DE12C,DE134,NUTS3,DEU_6,
DE,DE12B,DE12B,DE12C,NUTS3,DEU_6,
DE,DE11D,DE141,DE135,NUTS3,DEU_6,
DE,DE116,DE12A,DE136,NUTS3,DEU_6,
DE,DE115,DE129,DE137,NUTS3,DEU_6,
DE,DE11B,DE128,DE143,NUTS3,DEU_6,
DE,DE125,DE142,DE13A,NUTS3,DEU_6,
DE,DE119,DE143,DE141,NUTS3,DEU_6,
DE,DE11A,DE144,DE142,NUTS3,DEU_6,
DE,DE127,DE146,DE144,NUTS3,DEU_6,
DE,DE118,DE124,DE145,NUTS3,DEU_6,
DE,DE113,DE123,DE146,NUTS3,DEU_6,
DE,DE11C,DE122,DE12B,NUTS3,DEU_6,
DE,DE114,DE121,DE147,NUTS3,DEU_6,
DE,DE132,DE11D,DE139,NUTS3,DEU_6,
DE,DE131,DE11C,DE12A,NUTS3,DEU_6,
DE,DE144,DE11B,DE11A,NUTS3,DEU_6,
DE,DE143,DE11A,DE128,NUTS3,DEU_6,
DE,DE135,DE119,DE111,NUTS3,DEU_6,
DE,DE134,DE149,DE112,NUTS3,DEU_6,
DE,DE148,DE125,DE113,NUTS3,DEU_6,
DE,DE12C,DE126,DE114,NUTS3,DEU_6,
DE,DE145,DE148,DE115,NUTS3,DEU_6,
DE,DE147,DE145,DE116,NUTS3,DEU_6,
DE,DE124,DE147,DE117,NUTS3,DEU_6,
DE,DE129,DE127,DE118,NUTS3,DEU_6,
DE,DE142,DE118,DE119,NUTS3,DEU_6,
DE,DE146,DE132,DE11B,NUTS3,DEU_6,
DE,DE139,DE113,DE11C,NUTS3,DEU_6,
DE,DE111,DE112,DE11D,NUTS3,DEU_6,
DE,DE141,DE111,DE121,NUTS3,DEU_6,
DE,DE149,DE137,DE122,NUTS3,DEU_6,
DE,DE13A,DE136,DE123,NUTS3,DEU_6,
DE,DE133,DE114,DE124,NUTS3,DEU_6,
DE,DE136,DE134,DE125,NUTS3,DEU_6,
DE,DE137,DE133,DE126,NUTS3,DEU_6,
DE,DE138,DE115,DE127,NUTS3,DEU_6,
DE,DE112,DE116,DE129,NUTS3,DEU_6,
DE,DE121,DE117,DE149,NUTS3,DEU_6,
DE,DE12A,DE135,DE148,NUTS3,DEU_6,
DE,DE24A,DE21J,DE247,NUTS3,DEU_7,
DE,DE266,DE21I,DE261,NUTS3,DEU_7,
DE,DE247,DE21H,DE25C,NUTS3,DEU_7,
DE,DE23A,DE21G,DE25B,NUTS3,DEU_7,
DE,DE238,DE21F,DE25A,NUTS3,DEU_7,
DE,DE242,DE231,DE259,NUTS3,DEU_7,
DE,DE25C,DE22C,DE258,NUTS3,DEU_7,
DE,DE229,DE22B,DE257,NUTS3,DEU_7,
DE,DE22B,DE21E,DE256,NUTS3,DEU_7,
DE,DE244,DE21D,DE255,NUTS3,DEU_7,
DE,DE26C,DE21A,DE262,NUTS3,DEU_7,
DE,DE269,DE21B,DE254,NUTS3,DEU_7,
DE,DE241,DE219,DE252,NUTS3,DEU_7,
DE,DE239,DE218,DE251,NUTS3,DEU_7,
DE,DE268,DE217,DE24D,NUTS3,DEU_7,
DE,DE258,DE213,DE24C,NUTS3,DEU_7,
DE,DE253,DE212,DE24B,NUTS3,DEU_7,
DE,DE254,DE211,DE24A,NUTS3,DEU_7,
DE,DE243,DE215,DE249,NUTS3,DEU_7,
DE,DE231,DE216,DE211,NUTS3,DEU_7,
DE,DE219,DE27D,DE212,NUTS3,DEU_7,
DE,DE24B,DE21C,DE253,NUTS3,DEU_7,
DE,DE248,DE214,DE263,NUTS3,DEU_7,
DE,DE232,DE27E,DE264,NUTS3,DEU_7,
DE,DE26A,DE233,DE265,NUTS3,DEU_7,
DE,DE267,DE266,DE27E,NUTS3,DEU_7,
DE,DE26B,DE265,DE27D,NUTS3,DEU_7,
DE,DE27D,DE264,DE27C,NUTS3,DEU_7,
DE,DE226,DE263,DE27B,NUTS3,DEU_7,
DE,DE24D,DE262,DE27A,NUTS3,DEU_7,
DE,DE24C,DE261,DE279,NUTS3,DEU_7,
DE,DE237,DE25C,DE248,NUTS3,DEU_7,
DE,DE263,DE267,DE277,NUTS3,DEU_7,
DE,DE256,DE232,DE276,NUTS3,DEU_7,
DE,DE235,DE22A,DE275,NUTS3,DEU_7,
DE,DE257,DE229,DE274,NUTS3,DEU_7,
DE,DE234,DE228,DE273,NUTS3,DEU_7,
DE,DE262,DE227,DE272,NUTS3,DEU_7,
DE,DE236,DE226,DE271,NUTS3,DEU_7,
DE,DE264,DE225,DE26C,NUTS3,DEU_7,
DE,DE25A,DE224,DE26B,NUTS3,DEU_7,
DE,DE246,DE25A,DE26A,NUTS3,DEU_7,
DE,DE259,DE223,DE269,NUTS3,DEU_7,
DE,DE233,DE268,DE268,NUTS3,DEU_7,
DE,DE252,DE26A,DE267,NUTS3,DEU_7,
DE,DE25B,DE27C,DE266,NUTS3,DEU_7,
DE,DE265,DE27B,DE213,NUTS3,DEU_7,
DE,DE249,DE27A,DE214,NUTS3,DEU_7,
DE,DE245,DE279,DE278,NUTS3,DEU_7,
DE,DE261,DE278,DE216,NUTS3,DEU_7,
DE,DE255,DE277,DE22A,NUTS3,DEU_7,
DE,DE251,DE276,DE22B,NUTS3,DEU_7,
DE,DE21I,DE269,DE22C,NUTS3,DEU_7,
DE,DE21J,DE275,DE231,NUTS3,DEU_7,
DE,DE22C,DE273,DE232,NUTS3,DEU_7,
DE,DE27B,DE272,DE233,NUTS3,DEU_7,
DE,DE227,DE271,DE234,NUTS3,DEU_7,
DE,DE228,DE21K,DE235,NUTS3,DEU_7,
DE,DE279,DE21L,DE236,NUTS3,DEU_7,
DE,DE271,DE26C,DE229,NUTS3,DEU_7,
DE,DE274,DE26B,DE237,NUTS3,DEU_7,
DE,DE277,DE274,DE239,NUTS3,DEU_7,
DE,DE21A,DE222,DE23A,NUTS3,DEU_7,
DE,DE21G,DE25B,DE241,NUTS3,DEU_7,
DE,DE27C,DE249,DE242,NUTS3,DEU_7,
DE,DE214,DE254,DE243,NUTS3,DEU_7,
DE,DE216,DE255,DE244,NUTS3,DEU_7,
DE,DE215,DE256,DE245,NUTS3,DEU_7,
DE,DE276,DE257,DE246,NUTS3,DEU_7,
DE,DE21N,DE258,DE215,NUTS3,DEU_7,
DE,DE21F,DE251,DE238,NUTS3,DEU_7,
DE,DE272,DE259,DE227,NUTS3,DEU_7,
DE,DE213,DE24D,DE228,NUTS3,DEU_7,
DE,DE225,DE24C,DE225,NUTS3,DEU_7,
DE,DE224,DE24B,DE217,NUTS3,DEU_7,
DE,DE275,DE24A,DE218,NUTS3,DEU_7,
DE,DE21B,DE248,DE219,NUTS3,DEU_7,
DE,DE22A,DE247,DE21A,NUTS3,DEU_7,
DE,DE21H,DE246,DE21B,NUTS3,DEU_7,
DE,DE21C,DE221,DE21C,NUTS3,DEU_7,
DE,DE21K,DE245,DE21D,NUTS3,DEU_7,
DE,DE27E,DE244,DE21E,NUTS3,DEU_7,
DE,DE223,DE243,DE21F,NUTS3,DEU_7,
DE,DE222,DE242,DE226,NUTS3,DEU_7,
DE,DE273,DE241,DE21H,NUTS3,DEU_7,
DE,DE221,DE23A,DE21G,NUTS3,DEU_7,
DE,DE212,DE239,DE21J,NUTS3,DEU_7,
DE,DE21E,DE238,DE21K,NUTS3,DEU_7,
DE,DE27A,DE237,DE21L,NUTS3,DEU_7,
DE,DE218,DE236,DE21M,NUTS3,DEU_7,
DE,DE278,DE235,DE21N,NUTS3,DEU_7,
DE,DE217,DE21M,DE221,NUTS3,DEU_7,
DE,DE21M,DE21N,DE222,NUTS3,DEU_7,
DE,DE21L,DE234,DE223,NUTS3,DEU_7,
DE,DE21D,DE253,DE224,NUTS3,DEU_7,
DE,DE211,DE252,DE21I,NUTS3,DEU_7,
DK,DK050,DK032,DK032,NUTS3,DNK_1,
DK,DK042,DK041,DK050,NUTS3,DNK_1,
DK,DK041,DK031,DK042,NUTS3,DNK_1,
DK,DK032,DK042,DK041,NUTS3,DNK_1,
DK,DK031,DK050,DK031,NUTS3,DNK_1,
DK,DK012,DK011,DK012,NUTS3,DNK_2,
DK,DK021,DK013,DK021,NUTS3,DNK_2,
DK,DK013,DK014,DK014,NUTS3,DNK_2,
DK,DK011,DK021,DK013,NUTS3,DNK_2,
DK,DK022,DK022,DK011,NUTS3,DNK_2,
DK,DK014,DK012,DK022,NUTS3,DNK_2,
EE,,,,NUTS0,EST_1,
ES,ES112,ES112,ES112,NUTS3,ESP_1,
ES,ES114,ES114,ES114,NUTS3,ESP_1,
ES,ES614,ES611,ES613,NUTS3,ESP_10,
ES,ES611,ES613,ES616,NUTS3,ESP_10,
ES,ES613,ES614,ES614,NUTS3,ESP_10,
ES,ES616,ES616,ES611,NUTS3,ESP_10,
ES,ES522,ES522,ES620,NUTS3,ESP_11,
ES,ES423,ES423,ES521,NUTS3,ESP_11,
ES,ES523,ES620,ES423,NUTS3,ESP_11,
ES,ES521,ES523,ES522,NUTS3,ESP_11,
ES,ES620,ES421,ES421,NUTS3,ESP_11,
ES,ES421,ES521,ES523,NUTS3,ESP_11,
ES,ES130,ES130,ES413,NUTS3,ESP_2,
ES,ES413,ES120,ES130,NUTS3,ESP_2,
ES,ES120,ES419,ES120,NUTS3,ESP_2,
ES,ES415,ES413,ES419,NUTS3,ESP_2,
ES,ES419,ES415,ES415,NUTS3,ESP_2,
ES,ES111,ES111,ES111,NUTS3,ESP_1,Incorrectly assigned to ESP_2 in e-Highways data
ES,ES414,ES412,ES417,NUTS3,ESP_3,
ES,ES417,ES414,ES424,NUTS3,ESP_3,
ES,ES424,ES417,ES416,NUTS3,ESP_3,
ES,ES412,ES424,ES411,NUTS3,ESP_3,
ES,ES418,ES411,ES412,NUTS3,ESP_3,
ES,ES411,ES416,ES418,NUTS3,ESP_3,
ES,ES416,ES418,ES414,NUTS3,ESP_3,
ES,ES113,ES113,ES113,NUTS3,ESP_1,Incorrectly assigned to ESP_3 in e-Highways data
ES,ES212,ES213,ES212,NUTS3,ESP_4,
ES,ES213,ES212,ES213,NUTS3,ESP_4,
ES,ES211,ES220,ES220,NUTS3,ESP_4,
ES,ES230,ES230,ES230,NUTS3,ESP_4,
ES,ES220,ES211,ES211,NUTS3,ESP_4,
ES,ES243,ES242,ES241,NUTS3,ESP_5,
ES,ES242,ES241,ES242,NUTS3,ESP_5,
ES,ES241,ES243,ES243,NUTS3,ESP_5,
ES,ES514,ES514,ES511,NUTS3,ESP_6,
ES,ES513,ES511,ES514,NUTS3,ESP_6,
ES,ES512,ES512,ES513,NUTS3,ESP_6,
ES,ES511,ES513,ES512,NUTS3,ESP_6,
ES,ES300,ES300,ES300,NUTS3,ESP_7,
ES,ES422,ES432,ES425,NUTS3,ESP_8,
ES,ES432,ES422,ES422,NUTS3,ESP_8,
ES,ES431,ES425,ES432,NUTS3,ESP_8,
ES,ES425,ES431,ES431,NUTS3,ESP_8,
ES,ES617,ES618,ES612,NUTS3,ESP_9,
ES,ES612,ES612,ES615,NUTS3,ESP_9,
ES,ES615,ES615,ES617,NUTS3,ESP_9,
ES,ES618,ES617,ES618,NUTS3,ESP_9,
FI,FI1A3,FI1D8,FI1D7,NUTS3,FIN_1,
FI,FI134,FI1D9,FI1D6,NUTS3,FIN_1,"NUTS region was previously shared with 75_FI, now all given to 74_FI"
FI,FI1A2,FI1D7,FI1D4,NUTS3,FIN_1,"NUTS region was previously shared with 75_FI, now all given to 74_FI"
FI,FI133,FI197,FI1D5,NUTS3,FIN_2,
FI,FI1A1,FI1D3,FI1D3,NUTS3,FIN_2,
FI,FI194,FI1C3,FI1C5,NUTS3,FIN_2,
FI,FI131,FI1C2,FI1D1,NUTS3,FIN_2,
FI,FI132,FI194,FI1C4,NUTS3,FIN_2,
FI,FI200,FI193,FI1C3,NUTS3,FIN_2,
FI,FI181,FI195,FI1C1,NUTS3,FIN_2,
FI,FI183,FI1C4,FI1B1,NUTS3,FIN_2,
FI,FI187,FI1C5,FI197,NUTS3,FIN_2,
FI,FI186,FI1D1,FI196,NUTS3,FIN_2,
FI,FI197,FI1D2,FI195,NUTS3,FIN_2,
FI,FI193,FI200,FI194,NUTS3,FIN_2,
FI,FI185,FI1B1,FI193,NUTS3,FIN_2,
FI,FI184,FI1D5,FI1D2,NUTS3,FIN_2,
FI,FI182,FI196,FI200,NUTS3,FIN_2,
FI,FI196,FI1C1,FI1C2,NUTS3,FIN_2,
FI,FI195,,,NUTS3,FIN_2,
FR,FR108,FR101,FR101,NUTS3,FRA_10,
FR,FR102,FR108,FR103,NUTS3,FRA_10,
FR,FR103,FR103,FR104,NUTS3,FRA_10,
FR,FR104,FR102,FR102,NUTS3,FRA_10,
FR,FR106,FR105,FR105,NUTS3,FRA_10,
FR,FR105,FR104,FR106,NUTS3,FRA_10,
FR,FR101,FR107,FR107,NUTS3,FRA_10,
FR,FR107,FR106,FR108,NUTS3,FRA_10,
FR,FR244,FRI31,FR512,NUTS3,FRA_4,
FR,FR514,FRI34,FR515,NUTS3,FRA_4,
FR,FR512,FRI33,FR244,NUTS3,FRA_4,
FR,FR534,FRG02,FR531,NUTS3,FRA_4,
FR,FR515,FRB04,FR532,NUTS3,FRA_4,
FR,FR533,FRG04,FR533,NUTS3,FRA_4,
FR,FR532,FRG05,FR534,NUTS3,FRA_4,
FR,FR531,FRI32,FR514,NUTS3,FRA_4,
FR,FR521,FRH04,FR513,NUTS3,FRA_8,
FR,FR522,FRH03,FR521,NUTS3,FRA_8,
FR,FR523,FRH02,FR522,NUTS3,FRA_8,
FR,FR511,FRH01,FR523,NUTS3,FRA_8,
FR,FR513,FRG03,FR524,NUTS3,FRA_8,
FR,FR524,FRG01,FR511,NUTS3,FRA_8,
FR,FR302,FRE23,FR223,NUTS3,FRA_13,
FR,FR221,FRE22,FR222,NUTS3,FRA_13,
FR,FR223,FRE21,FR221,NUTS3,FRA_13,
FR,FR301,FRE12,FR301,NUTS3,FRA_13,
FR,FR222,FRD22,FR232,NUTS3,FRA_13,
FR,FR232,FRE11,FR302,NUTS3,FRA_13,
FR,FR231,FRD11,FR251,NUTS3,FRA_9,
FR,FR251,FRD12,FR252,NUTS3,FRA_9,
FR,FR252,FRD13,FR253,NUTS3,FRA_9,
FR,FR253,FRD21,FR231,NUTS3,FRA_9,
FR,FR211,FRF21,FR213,NUTS3,FRA_14,
FR,FR213,FRF23,FR211,NUTS3,FRA_14,
FR,FR212,FRC13,FR263,NUTS3,FRA_11,
FR,FR214,FRC14,FR264,NUTS3,FRA_11,
FR,FR264,FRF22,FR261,NUTS3,FRA_11,
FR,FR263,FRF24,FR214,NUTS3,FRA_11,
FR,FR261,FRC11,FR212,NUTS3,FRA_11,
FR,FR412,FRF34,FR421,NUTS3,FRA_12,
FR,FR413,FRC24,FR414,NUTS3,FRA_12,
FR,FR421,FRC23,FR412,NUTS3,FRA_12,
FR,FR411,FRF32,FR411,NUTS3,FRA_12,
FR,FR414,FRC21,FR413,NUTS3,FRA_12,
FR,FR433,FRF33,FR422,NUTS3,FRA_12,
FR,FR431,FRF31,FR433,NUTS3,FRA_12,
FR,FR422,FRF12,FR434,NUTS3,FRA_12,
FR,FR434,FRF11,FR431,NUTS3,FRA_12,
FR,FR718,FRK21,FR714,NUTS3,FRA_7,
FR,FR432,FRK28,FR711,NUTS3,FRA_7,
FR,FR717,FRL02,FR717,NUTS3,FRA_7,
FR,FR714,FRK24,FR718,NUTS3,FRA_7,
FR,FR711,FRK27,FR432,NUTS3,FRA_7,
FR,FR822,FRC22,FR822,NUTS3,FRA_7,
FR,FR716,FRK26,FR715,NUTS3,FRA_6,
FR,FR715,FRK13,FR716,NUTS3,FRA_6,
FR,FR723,FRK25,FR712,NUTS3,FRA_6,
FR,FR712,FRK22,FR723,NUTS3,FRA_6,
FR,FR713,FRK23,FR713,NUTS3,FRA_6,
FR,FR823,FRL04,FR823,NUTS3,FRA_3,
FR,FR824,FRL05,FR821,NUTS3,FRA_3,
FR,FR821,FRJ12,FR812,NUTS3,FRA_3,
FR,FR812,FRL06,FR825,NUTS3,FRA_3,
FR,FR826,FRL01,FR826,NUTS3,FRA_3,
FR,FR825,FRL03,FR824,NUTS3,FRA_3,
FR,FR813,FRJ27,FR722,NUTS3,FRA_2,
FR,FR811,FRI21,FR622,NUTS3,FRA_2,
FR,FR722,FRJ14,FR625,NUTS3,FRA_2,
FR,FR631,FRJ11,FR627,NUTS3,FRA_2,
FR,FR625,FRK12,FR815,NUTS3,FRA_2,
FR,FR814,FRJ22,FR631,NUTS3,FRA_2,
FR,FR622,FRJ15,FR814,NUTS3,FRA_2,
FR,FR627,FRJ13,FR813,NUTS3,FRA_2,
FR,FR815,FRJ25,FR811,NUTS3,FRA_2,
FR,FR624,FRI12,FR624,NUTS3,FRA_1,
FR,FR621,FRI13,FR611,NUTS3,FRA_1,
FR,FR614,FRI14,FR612,NUTS3,FRA_1,
FR,FR623,FRI15,FR613,NUTS3,FRA_1,
FR,FR626,FRJ23,FR614,NUTS3,FRA_1,
FR,FR613,FRJ26,FR615,NUTS3,FRA_1,
FR,FR611,FRJ28,FR621,NUTS3,FRA_1,
FR,FR628,FRJ24,FR623,NUTS3,FRA_1,
FR,FR615,FRI11,FR626,NUTS3,FRA_1,
FR,FR612,FRJ21,FR628,NUTS3,FRA_1,
FR,FR245,FRK11,FR721,NUTS3,FRA_5,
FR,FR241,FRC12,FR724,NUTS3,FRA_5,
FR,FR262,FRB02,FR242,NUTS3,FRA_5,
FR,FR246,FRK14,FR262,NUTS3,FRA_5,
FR,FR242,FRB01,FR633,NUTS3,FRA_5,
FR,FR633,FRB05,FR632,NUTS3,FRA_5,
FR,FR243,FRI22,FR246,NUTS3,FRA_5,
FR,FR721,FRI23,FR245,NUTS3,FRA_5,
FR,FR724,FRB03,FR243,NUTS3,FRA_5,
FR,FR632,FRB06,FR241,NUTS3,FRA_5,
FR,FR831,FRM02,FR832,NUTS3,FRA_15,
FR,FR832,FRM01,FR831,NUTS3,FRA_15,
GR,GR114,EL631,EL211,NUTS3,GRC_1,
GR,GR112,EL527,EL231,NUTS3,GRC_1,
GR,GR126,EL526,EL224,NUTS3,GRC_1,
GR,GR115,EL612,EL214,NUTS3,GRC_1,
GR,GR132,EL525,EL213,NUTS3,GRC_1,
GR,GR113,EL512,EL212,NUTS3,GRC_1,
GR,GR123,EL522,EL127,NUTS3,GRC_1,
GR,GR121,EL523,EL142,NUTS3,GRC_1,
GR,GR133,EL521,EL111,NUTS3,GRC_1,
GR,GR124,EL515,EL112,NUTS3,GRC_1,
GR,GR122,EL514,EL113,NUTS3,GRC_1,
GR,GR134,EL513,EL114,NUTS3,GRC_1,
GR,GR127,EL511,EL115,NUTS3,GRC_1,
GR,GR142,EL524,EL121,NUTS3,GRC_1,
GR,GR131,EL611,EL122,NUTS3,GRC_1,
GR,GR231,EL532,EL144,NUTS3,GRC_1,
GR,GR144,EL543,EL123,NUTS3,GRC_1,
GR,GR211,EL542,EL125,NUTS3,GRC_1,
GR,GR212,EL541,EL126,NUTS3,GRC_1,
GR,GR125,EL533,EL131,NUTS3,GRC_1,
GR,GR111,EL531,EL132,NUTS3,GRC_1,
GR,GR141,,EL133,NUTS3,GRC_1,
GR,GR214,,EL134,NUTS3,GRC_1,
GR,GR213,,EL141,NUTS3,GRC_1,
GR,,,EL124,NUTS3,GRC_1,
GR,GR245,EL633,EL300,NUTS3,GRC_2,
GR,GR232,EL632,EL255,NUTS3,GRC_2,
GR,GR251,EL641,EL143,NUTS3,GRC_2,
GR,GR243,EL643,EL232,NUTS3,GRC_2,
GR,GR255,EL644,EL233,NUTS3,GRC_2,
GR,GR233,EL645,EL241,NUTS3,GRC_2,
GR,GR254,EL651,EL243,NUTS3,GRC_2,
GR,GR143,EL652,EL244,NUTS3,GRC_2,
GR,GR253,EL653,EL242,NUTS3,GRC_2,
GR,GR242,EL642,EL251,NUTS3,GRC_2,
GR,GR252,EL613,EL252,NUTS3,GRC_2,
GR,GR244,EL303,EL253,NUTS3,GRC_2,
GR,GR241,EL301,EL254,NUTS3,GRC_2,
GR,GR300,EL305,EL245,NUTS3,GRC_2,
GR,,EL306,,NUTS3,GRC_2,
GR,,EL304,,NUTS3,GRC_2,
GR,,EL307,,NUTS3,GRC_2,
GR,,EL302,,NUTS3,GRC_2,
HR,,,,NUTS0,HRV_1,
HU,,,,NUTS0,HUN_1,
IE,,,,NUTS0,IRL_1,
IT,ITE15,ITI21,ITI18,NUTS3,ITA_2,
IT,ITE33,ITI34,ITI11,NUTS3,ITA_2,
IT,ITE31,ITI33,ITI12,NUTS3,ITA_2,
IT,ITE17,ITI32,ITI13,NUTS3,ITA_2,
IT,ITE18,ITI31,ITI14,NUTS3,ITA_2,
IT,ITE32,ITI22,ITI15,NUTS3,ITA_2,
IT,ITE11,ITI11,ITI16,NUTS3,ITA_2,
IT,ITE34,ITI12,ITI17,NUTS3,ITA_2,
IT,ITE21,ITI14,ITI19,NUTS3,ITA_2,
IT,ITE12,ITI15,ITI1A,NUTS3,ITA_2,
IT,ITE14,ITI16,ITI21,NUTS3,ITA_2,
IT,ITE13,ITI17,ITI22,NUTS3,ITA_2,
IT,ITE19,ITI18,ITI31,NUTS3,ITA_2,
IT,ITE16,ITI19,ITI32,NUTS3,ITA_2,
IT,ITE22,ITI1A,ITI33,NUTS3,ITA_2,
IT,ITE1A,ITI35,ITI34,NUTS3,ITA_2,
IT,,ITI13,ITI35,NUTS3,ITA_2,
IT,ITF31,ITF32,ITI41,NUTS3,ITA_3,
IT,ITF35,ITF11,ITF35,NUTS3,ITA_3,
IT,ITE42,ITF35,ITF34,NUTS3,ITA_3,
IT,ITF14,ITF31,ITF33,NUTS3,ITA_3,
IT,ITF34,ITF14,ITF32,NUTS3,ITA_3,
IT,ITF11,ITF13,ITF12,NUTS3,ITA_3,
IT,ITE41,ITF12,ITI42,NUTS3,ITA_3,
IT,ITE45,ITI45,ITF31,NUTS3,ITA_3,
IT,ITF32,ITF34,ITF14,NUTS3,ITA_3,
IT,ITE44,ITI44,ITF13,NUTS3,ITA_3,
IT,ITE43,ITI43,ITI45,NUTS3,ITA_3,
IT,ITF12,ITI42,ITI44,NUTS3,ITA_3,
IT,ITF13,ITI41,ITI43,NUTS3,ITA_3,
IT,ITF33,ITF33,ITF11,NUTS3,ITA_3,
IT,ITC13,ITH33,ITC48,NUTS3,ITA_1,
IT,ITD41,ITH32,ITC4B,NUTS3,ITA_1,
IT,ITD32,ITH35,ITC49,NUTS3,ITA_1,
IT,ITC20,ITH34,ITC4A,NUTS3,ITA_1,
IT,ITC42,ITC4B,ITC4C,NUTS3,ITA_1,
IT,ITC12,ITH44,ITH32,NUTS3,ITA_1,
IT,ITC47,ITC13,ITH10,NUTS3,ITA_1,
IT,ITD35,ITC42,ITH20,NUTS3,ITA_1,
IT,ITD31,ITC33,ITH31,NUTS3,ITA_1,
IT,ITD44,ITH52,ITC47,NUTS3,ITA_1,
IT,ITC15,ITH51,ITH33,NUTS3,ITA_1,
IT,ITC34,ITC14,ITH34,NUTS3,ITA_1,
IT,ITD33,ITC11,ITH35,NUTS3,ITA_1,
IT,ITD42,ITC15,ITC4D,NUTS3,ITA_1,
IT,ITC43,ITC16,ITC46,NUTS3,ITA_1,
IT,ITC41,ITC17,ITC33,NUTS3,ITA_1,
IT,ITC44,ITC18,ITC43,NUTS3,ITA_1,
IT,ITC46,ITC20,ITH36,NUTS3,ITA_1,
IT,ITD10,ITC31,ITC11,NUTS3,ITA_1,
IT,ITD34,ITC32,ITC12,NUTS3,ITA_1,
IT,ITD20,ITC41,ITC13,NUTS3,ITA_1,
IT,ITD43,ITH37,ITC14,NUTS3,ITA_1,
IT,ITC14,ITH41,ITC15,NUTS3,ITA_1,
IT,ITC31,ITC4D,ITC44,NUTS3,ITA_1,
IT,ITC4A,ITC43,ITC16,NUTS3,ITA_1,
IT,ITC49,ITH42,ITC18,NUTS3,ITA_1,
IT,ITC16,ITC34,ITC20,NUTS3,ITA_1,
IT,ITD59,ITC12,ITC32,NUTS3,ITA_1,
IT,ITD55,ITC4A,ITC34,NUTS3,ITA_1,
IT,ITC4B,ITH31,ITC41,NUTS3,ITA_1,
IT,ITC33,ITH20,ITC42,NUTS3,ITA_1,
IT,ITC48,ITH10,ITC17,NUTS3,ITA_1,
IT,ITD57,ITC49,ITC31,NUTS3,ITA_1,
IT,ITC32,ITC48,ITH42,NUTS3,ITA_1,
IT,ITC18,ITC47,ITH57,NUTS3,ITA_1,
IT,ITC45,ITH43,ITH43,NUTS3,ITA_1,
IT,ITD37,ITC4C,ITH44,NUTS3,ITA_1,
IT,ITD51,ITH36,ITH51,NUTS3,ITA_1,
IT,ITC17,ITC44,ITH52,NUTS3,ITA_1,
IT,ITD36,ITH59,ITH53,NUTS3,ITA_1,
IT,ITD52,ITH58,ITH54,NUTS3,ITA_1,
IT,ITD58,ITH57,ITH55,NUTS3,ITA_1,
IT,ITD53,ITH56,ITH56,NUTS3,ITA_1,
IT,ITD56,ITH55,ITH37,NUTS3,ITA_1,
IT,ITD54,ITH54,ITH58,NUTS3,ITA_1,
IT,ITC11,ITH53,ITH59,NUTS3,ITA_1,
IT,,ITC46,ITH41,NUTS3,ITA_1,
IT,ITF43,ITF46,ITF48,NUTS3,ITA_4,
IT,ITF42,ITF21,ITF43,NUTS3,ITA_4,
IT,ITF52,ITF22,ITF44,NUTS3,ITA_4,
IT,ITF22,ITF62,ITF45,NUTS3,ITA_4,
IT,ITF51,ITF52,ITF21,NUTS3,ITA_4,
IT,ITF41,ITF51,ITF51,NUTS3,ITA_4,
IT,ITF21,ITF48,ITF22,NUTS3,ITA_4,
IT,ITF44,ITF47,ITF61,NUTS3,ITA_4,
IT,ITF61,ITF65,ITF52,NUTS3,ITA_4,
IT,ITF63,ITF63,ITF65,NUTS3,ITA_4,
IT,ITF45,ITF45,ITF64,NUTS3,ITA_4,
IT,ITF64,ITF44,ITF47,NUTS3,ITA_4,
IT,ITF62,ITF43,ITF46,NUTS3,ITA_4,
IT,ITF65,ITF61,ITF62,NUTS3,ITA_4,
IT,,ITF64,ITF63,NUTS3,ITA_4,
IT,ITG29,ITG2C,ITG2A,NUTS3,ITA_6,
IT,ITG26,ITG28,ITG28,NUTS3,ITA_6,
IT,ITG25,ITG25,ITG2C,NUTS3,ITA_6,
IT,ITG2A,ITG2A,ITG27,NUTS3,ITA_6,
IT,ITG2C,ITG2B,ITG26,NUTS3,ITA_6,
IT,ITG27,ITG29,ITG25,NUTS3,ITA_6,
IT,ITG2B,ITG26,ITG29,NUTS3,ITA_6,
IT,ITG28,ITG27,ITG2B,NUTS3,ITA_6,
IT,ITG16,ITG18,ITG11,NUTS3,ITA_5,
IT,ITG19,ITG17,ITG12,NUTS3,ITA_5,
IT,ITG13,ITG16,ITG14,NUTS3,ITA_5,
IT,ITG11,ITG15,ITG15,NUTS3,ITA_5,
IT,ITG18,ITG13,ITG16,NUTS3,ITA_5,
IT,ITG17,ITG14,ITG17,NUTS3,ITA_5,
IT,ITG15,ITG12,ITG18,NUTS3,ITA_5,
IT,ITG12,ITG11,ITG19,NUTS3,ITA_5,
IT,ITG14,ITG19,ITG13,NUTS3,ITA_5,
LT,,,,NUTS0,LTU_1,
LU,,,,NUTS0,LUX_1,
LV,,,,NUTS0,LVA_1,
ME,,,,NUTS0,MNE_1,
MK,,,,NUTS0,MKD_1,
NL,,,,NUTS0,NLD_1,
NO,NO043,NO042,NO042,NUTS3,NOR_1,
NO,NO041,NO043,NO043,NUTS3,NOR_1,
NO,NO042,NO041,NO041,NUTS3,NOR_1,
NO,NO033,NO032,NO034,NUTS3,NOR_2,
NO,NO032,NO034,NO032,NUTS3,NOR_2,
NO,NO034,NO033,NO033,NUTS3,NOR_2,
NO,NO052,NO052,NO052,NUTS3,NOR_3,
NO,NO051,NO051,NO051,NUTS3,NOR_3,
NO,NO021,NO012,NO022,NUTS3,NOR_4,
NO,NO022,NO021,NO021,NUTS3,NOR_4,
NO,NO011,NO011,NO012,NUTS3,NOR_4,
NO,NO012,NO031,NO011,NUTS3,NOR_4,
NO,NO031,NO022,NO031,NUTS3,NOR_4,
NO,NO061,NO053,NO053,NUTS3,NOR_5,
NO,NO053,,NO061,NUTS3,NOR_5,
NO,NO062,NO072,NO072,NUTS3,NOR_6,
NO,NO072,NO060,NO071,NUTS3,NOR_6,
NO,NO071,NO071,NO062,NUTS3,NOR_6,
NO,NO073,NO073,NO073,NUTS3,NOR_7,
PL,PL343,PL922,PL623,NUTS3,POL_1,
PL,PL117,PL623,PL345,NUTS3,POL_1,
PL,PL127,PL923,PL344,NUTS3,POL_1,
PL,PL113,PL924,PL343,NUTS3,POL_1,
PL,PL115,PL925,PL12A,NUTS3,POL_1,
PL,PL344,PL911,PL129,NUTS3,POL_1,
PL,PL122,PL913,PL127,NUTS3,POL_1,
PL,PL345,PL841,PL115,NUTS3,POL_1,
PL,PL623,PL842,PL121,NUTS3,POL_1,
PL,PL129,PL843,PL113,NUTS3,POL_1,
PL,PL116,PL912,PL117,NUTS3,POL_1,
PL,PL121,PL712,PL116,NUTS3,POL_1,
PL,PL114,PL711,PL114,NUTS3,POL_1,
PL,PL12A,PL926,PL122,NUTS3,POL_1,
PL,,PL713,,NUTS3,POL_1,
PL,,PL714,,NUTS3,POL_1,
PL,,PL715,,NUTS3,POL_1,
PL,PL128,PL823,PL332,NUTS3,POL_2,
PL,PL311,PL815,PL331,NUTS3,POL_2,
PL,PL315,PL814,PL326,NUTS3,POL_2,
PL,PL314,PL812,PL325,NUTS3,POL_2,
PL,PL326,PL811,PL324,NUTS3,POL_2,
PL,PL312,PL921,PL323,NUTS3,POL_2,
PL,PL332,PL721,PL315,NUTS3,POL_2,
PL,PL331,PL822,PL314,NUTS3,POL_2,
PL,PL324,PL824,PL311,NUTS3,POL_2,
PL,PL323,PL722,PL312,NUTS3,POL_2,
PL,PL325,PL821,PL128,NUTS3,POL_2,
PL,PL229,PL213,PL22C,NUTS3,POL_3,
PL,PL521,PL214,PL522,NUTS3,POL_3,
PL,PL228,PL22A,PL521,NUTS3,POL_3,
PL,PL522,PL219,PL213,NUTS3,POL_3,
PL,PL224,PL22B,PL22B,NUTS3,POL_3,
PL,PL22B,PL229,PL215,NUTS3,POL_3,
PL,PL225,PL228,PL216,NUTS3,POL_3,
PL,PL217,PL227,PL214,NUTS3,POL_3,
PL,PL22A,PL225,PL224,NUTS3,POL_3,
PL,PL227,PL224,PL225,NUTS3,POL_3,
PL,PL22C,PL21A,PL227,NUTS3,POL_3,
PL,PL214,PL218,PL228,NUTS3,POL_3,
PL,PL215,PL524,PL229,NUTS3,POL_3,
PL,PL216,PL523,PL22A,NUTS3,POL_3,
PL,PL213,PL217,PL217,NUTS3,POL_3,
PL,,PL22C,,NUTS3,POL_3,
PL,PL411,PL517,PL518,NUTS3,POL_4,
PL,PL432,PL411,PL515,NUTS3,POL_4,
PL,PL417,PL415,PL431,NUTS3,POL_4,
PL,PL431,PL516,PL514,NUTS3,POL_4,
PL,PL414,PL417,PL432,NUTS3,POL_4,
PL,PL516,PL515,PL425,NUTS3,POL_4,
PL,PL416,PL514,PL516,NUTS3,POL_4,
PL,PL423,PL432,PL423,NUTS3,POL_4,
PL,PL424,PL431,PL517,NUTS3,POL_4,
PL,PL425,PL428,PL418,NUTS3,POL_4,
PL,PL415,PL424,PL417,NUTS3,POL_4,
PL,PL418,PL418,PL411,NUTS3,POL_4,
PL,PL517,PL414,PL414,NUTS3,POL_4,
PL,PL515,PL518,PL415,NUTS3,POL_4,
PL,PL514,PL416,PL416,NUTS3,POL_4,
PL,PL518,,PL424,NUTS3,POL_4,
PL,PL633,PL636,PL613,NUTS3,POL_5,
PL,PL422,PL426,PL615,NUTS3,POL_5,
PL,PL635,PL427,PL622,NUTS3,POL_5,
PL,PL621,PL613,PL631,NUTS3,POL_5,
PL,PL622,PL616,PL633,NUTS3,POL_5,
PL,PL634,PL617,PL634,NUTS3,POL_5,
PL,PL631,PL618,PL635,NUTS3,POL_5,
PL,PL614,PL619,PL422,NUTS3,POL_5,
PL,PL613,PL621,PL621,NUTS3,POL_5,
PL,PL615,PL622,PL614,NUTS3,POL_5,
PL,,PL634,,NUTS3,POL_5,
PL,,PL637,,NUTS3,POL_5,
PL,,PL638,,NUTS3,POL_5,
PL,,PL633,,NUTS3,POL_5,
PT,PT114,PT16H,PT167,NUTS3,PRT_1,
PT,PT117,PT111,PT111,NUTS3,PRT_1,
PT,PT167,PT112,PT16A,NUTS3,PRT_1,
PT,PT111,PT119,PT169,NUTS3,PRT_1,
PT,PT118,PT11A,PT168,NUTS3,PRT_1,
PT,PT116,PT11B,PT164,NUTS3,PRT_1,
PT,PT165,PT11C,PT162,NUTS3,PRT_1,
PT,PT161,PT11D,PT165,NUTS3,PRT_1,
PT,PT112,PT11E,PT161,NUTS3,PRT_1,
PT,PT113,PT16G,PT117,NUTS3,PRT_1,
PT,PT168,PT16D,PT116,NUTS3,PRT_1,
PT,PT115,PT16J,PT115,NUTS3,PRT_1,
PT,PT162,PT16E,PT114,NUTS3,PRT_1,
PT,PT164,,PT113,NUTS3,PRT_1,
PT,PT16A,,PT112,NUTS3,PRT_1,
PT,PT169,,PT118,NUTS3,PRT_1,
PT,PT150,PT16I,PT182,NUTS3,PRT_2,
PT,PT184,PT185,PT185,NUTS3,PRT_2,
PT,PT166,PT184,PT184,NUTS3,PRT_2,
PT,PT163,PT186,PT183,NUTS3,PRT_2,
PT,PT171,PT181,PT181,NUTS3,PRT_2,
PT,PT16C,PT187,PT171,NUTS3,PRT_2,
PT,PT16B,PT170,PT150,NUTS3,PRT_2,
PT,PT182,PT16F,PT172,NUTS3,PRT_2,
PT,PT183,PT150,PT163,NUTS3,PRT_2,
PT,PT172,PT16B,PT166,NUTS3,PRT_2,
PT,PT185,,PT16C,NUTS3,PRT_2,
PT,PT181,,PT16B,NUTS3,PRT_2,
RO,RO115,RO123,RO111,NUTS3,ROU_1,
RO,RO112,RO124,RO112,NUTS3,ROU_1,
RO,RO111,RO125,RO113,NUTS3,ROU_1,
RO,RO114,RO126,RO114,NUTS3,ROU_1,
RO,RO124,RO121,RO116,NUTS3,ROU_1,
RO,RO126,RO421,RO121,NUTS3,ROU_1,
RO,RO123,RO424,RO123,NUTS3,ROU_1,
RO,RO421,RO116,RO124,NUTS3,ROU_1,
RO,RO125,RO114,RO125,NUTS3,ROU_1,
RO,RO424,RO113,RO126,NUTS3,ROU_1,
RO,RO116,RO112,RO421,NUTS3,ROU_1,
RO,RO121,RO111,RO424,NUTS3,ROU_1,
RO,RO113,RO115,RO115,NUTS3,ROU_1,
RO,RO423,RO412,RO321,NUTS3,ROU_2,
RO,RO122,RO311,RO322,NUTS3,ROU_2,
RO,RO316,RO314,RO411,NUTS3,ROU_2,
RO,RO414,RO313,RO412,NUTS3,ROU_2,
RO,RO322,RO414,RO413,NUTS3,ROU_2,
RO,RO313,RO316,RO414,NUTS3,ROU_2,
RO,RO411,RO317,RO415,NUTS3,ROU_2,
RO,RO412,RO413,RO314,NUTS3,ROU_2,
RO,RO314,RO423,RO422,NUTS3,ROU_2,
RO,RO321,RO322,RO423,NUTS3,ROU_2,
RO,RO317,RO411,RO313,NUTS3,ROU_2,
RO,RO413,RO122,RO317,NUTS3,ROU_2,
RO,RO311,RO321,RO311,NUTS3,ROU_2,
RO,RO422,RO415,RO122,NUTS3,ROU_2,
RO,RO415,RO422,RO316,NUTS3,ROU_2,
RO,RO213,RO214,RO312,NUTS3,ROU_3,
RO,RO215,RO213,RO225,NUTS3,ROU_3,
RO,RO212,RO312,RO223,NUTS3,ROU_3,
RO,RO214,RO222,RO222,NUTS3,ROU_3,
RO,RO216,RO226,RO221,NUTS3,ROU_3,
RO,RO211,RO225,RO216,NUTS3,ROU_3,
RO,RO222,RO224,RO215,NUTS3,ROU_3,
RO,RO226,RO223,RO214,NUTS3,ROU_3,
RO,RO224,RO315,RO213,NUTS3,ROU_3,
RO,RO225,RO211,RO212,NUTS3,ROU_3,
RO,RO221,RO215,RO211,NUTS3,ROU_3,
RO,RO315,RO216,RO226,NUTS3,ROU_3,
RO,RO223,RO221,RO224,NUTS3,ROU_3,
RO,RO312,RO212,RO315,NUTS3,ROU_3,
RS,,,,GADM,SRB_1,
SE,SE224,SE221,SE224,NUTS3,SWE_4,
SE,SE212,SE224,SE221,NUTS3,SWE_4,
SE,SE221,SE231,SE212,NUTS3,SWE_4,
SE,SE231,SE212,SE231,NUTS3,SWE_4,
SE,SE125,SE123,SE232,NUTS3,SWE_3,
SE,SE121,SE214,SE214,NUTS3,SWE_3,
SE,SE312,SE311,SE213,NUTS3,SWE_3,
SE,SE124,SE312,SE211,NUTS3,SWE_3,
SE,SE311,SE232,SE125,NUTS3,SWE_3,
SE,SE213,SE213,SE124,NUTS3,SWE_3,
SE,SE122,SE124,SE312,NUTS3,SWE_3,
SE,SE232,SE125,SE123,NUTS3,SWE_3,
SE,SE211,SE211,SE122,NUTS3,SWE_3,
SE,SE110,SE121,SE121,NUTS3,SWE_3,
SE,SE123,SE110,SE110,NUTS3,SWE_3,
SE,SE214,SE122,SE311,NUTS3,SWE_3,
SE,SE331,SE321,SE322,NUTS3,SWE_2,
SE,SE313,SE322,SE331,NUTS3,SWE_2,
SE,SE322,SE313,SE313,NUTS3,SWE_2,
SE,SE321,SE331,SE321,NUTS3,SWE_2,
SE,SE332,SE332,SE332,NUTS3,SWE_1,
SI,,,,NUTS0,SVN_1,
SK,,,,NUTS0,SVK_1,
UK,UKH21,UKJ45,UKJ32,NUTS3,GBR_1,
UK,UKH22,UKH12,UKJ41,NUTS3,GBR_1,
UK,UKH12,UKH11,UKF24,NUTS3,GBR_1,
UK,UKJ12,UKJ31,UKJ42,NUTS3,GBR_1,
UK,UKJ14,UKJ34,UKJ34,NUTS3,GBR_1,
UK,UKH33,UKH14,UKJ33,NUTS3,GBR_1,
UK,UKH11,UKJ35,UKJ31,NUTS3,GBR_1,
UK,UKF23,UKJ36,UKF25,NUTS3,GBR_1,
UK,UKJ13,UKJ37,UKJ24,NUTS3,GBR_1,
UK,UKH13,UKJ41,UKJ22,NUTS3,GBR_1,
UK,UKH23,UKJ32,UKH13,NUTS3,GBR_1,
UK,UKH14,UKJ28,UKH11,NUTS3,GBR_1,
UK,UKJ11,UKJ26,UKH12,NUTS3,GBR_1,
UK,UKH32,UKH36,UKJ23,NUTS3,GBR_1,
UK,UKI21,UKJ25,UKH21,NUTS3,GBR_1,
UK,UKI12,UKJ22,UKH23,NUTS3,GBR_1,
UK,UKI11,UKJ21,UKH24,NUTS3,GBR_1,
UK,UKJ32,UKH15,UKH25,NUTS3,GBR_1,
UK,UKJ23,UKH16,UKH31,NUTS3,GBR_1,
UK,UKJ21,UKH17,UKH32,NUTS3,GBR_1,
UK,UKJ31,UKH21,UKH33,NUTS3,GBR_1,
UK,UKJ24,UKH23,UKH14,NUTS3,GBR_1,
UK,UKI22,UKH32,UKI12,NUTS3,GBR_1,
UK,UKJ22,UKH34,UKI21,NUTS3,GBR_1,
UK,UKJ33,UKF25,UKI22,NUTS3,GBR_1,
UK,UKJ42,UKF24,UKI23,NUTS3,GBR_1,
UK,UKJ41,UKH35,UKJ11,NUTS3,GBR_1,
UK,UKI23,UKH24,UKJ12,NUTS3,GBR_1,
UK,UKJ34,UKJ27,UKJ13,NUTS3,GBR_1,
UK,UKH31,UKJ44,UKJ21,NUTS3,GBR_1,
UK,,UKH37,UKI11,NUTS3,GBR_1,
UK,,UKI42,UKJ14,NUTS3,GBR_1,
UK,,UKI33,,NUTS3,GBR_1,
UK,,UKI32,,NUTS3,GBR_1,
UK,,UKI31,,NUTS3,GBR_1,
UK,,UKI43,,NUTS3,GBR_1,
UK,,UKI44,,NUTS3,GBR_1,
UK,,UKI45,,NUTS3,GBR_1,
UK,,UKJ43,,NUTS3,GBR_1,
UK,,UKJ46,,NUTS3,GBR_1,
UK,,UKH31,,NUTS3,GBR_1,
UK,,UKI51,,NUTS3,GBR_1,
UK,,UKI52,,NUTS3,GBR_1,
UK,,UKI53,,NUTS3,GBR_1,
UK,,UKI34,,NUTS3,GBR_1,
UK,,UKI75,,NUTS3,GBR_1,
UK,,UKI73,,NUTS3,GBR_1,
UK,,UKI72,,NUTS3,GBR_1,
UK,,UKH25,,NUTS3,GBR_1,
UK,,UKJ11,,NUTS3,GBR_1,
UK,,UKJ12,,NUTS3,GBR_1,
UK,,UKJ13,,NUTS3,GBR_1,
UK,,UKJ14,,NUTS3,GBR_1,
UK,,UKI54,,NUTS3,GBR_1,
UK,,UKI61,,NUTS3,GBR_1,
UK,,UKI62,,NUTS3,GBR_1,
UK,,UKI63,,NUTS3,GBR_1,
UK,,UKI71,,NUTS3,GBR_1,
UK,,UKI74,,NUTS3,GBR_1,
UK,,UKI41,,NUTS3,GBR_1,
UK,UKK13,UKK14,UKK43,NUTS3,GBR_2,
UK,UKK22,UKK42,UKK42,NUTS3,GBR_2,
UK,UKK23,UKK15,UKK41,NUTS3,GBR_2,
UK,UKK11,UKK41,UKK30,NUTS3,GBR_2,
UK,UKK43,UKK30,UKK23,NUTS3,GBR_2,
UK,UKK14,UKK23,UKK15,NUTS3,GBR_2,
UK,UKK15,UKK22,UKK21,NUTS3,GBR_2,
UK,UKK12,UKK21,UKK14,NUTS3,GBR_2,
UK,UKK21,UKK43,UKK13,NUTS3,GBR_2,
UK,UKK30,UKK11,UKK12,NUTS3,GBR_2,
UK,UKK42,UKK12,UKK11,NUTS3,GBR_2,
UK,UKK41,UKK13,UKK22,NUTS3,GBR_2,
UK,UKD53,UKG13,UKL18,NUTS3,GBR_3,
UK,UKD32,UKG21,UKL16,NUTS3,GBR_3,
UK,UKD43,UKG22,UKL17,NUTS3,GBR_3,
UK,UKE13,UKG23,UKL15,NUTS3,GBR_3,
UK,UKE31,UKF30,UKL21,NUTS3,GBR_3,
UK,UKL21,UKG11,UKL13,NUTS3,GBR_3,
UK,UKG24,UKF22,UKL12,NUTS3,GBR_3,
UK,UKG21,UKG12,UKL11,NUTS3,GBR_3,
UK,UKL12,UKD72,UKG39,NUTS3,GBR_3,
UK,UKL15,UKF16,UKL14,NUTS3,GBR_3,
UK,UKL16,UKD33,UKL22,NUTS3,GBR_3,
UK,UKF16,UKD36,UKG37,NUTS3,GBR_3,
UK,UKG23,UKD37,UKL24,NUTS3,GBR_3,
UK,UKL18,UKD41,UKD62,NUTS3,GBR_3,
UK,UKL17,UKD42,UKD63,NUTS3,GBR_3,
UK,UKF21,UKD44,UKD71,NUTS3,GBR_3,
UK,UKG13,UKD45,UKG38,NUTS3,GBR_3,
UK,UKG35,UKD46,UKD72,NUTS3,GBR_3,
UK,UKF30,UKD47,UKD73,NUTS3,GBR_3,
UK,UKD31,UKD61,UKD74,NUTS3,GBR_3,
UK,UKF13,UKD62,UKE13,NUTS3,GBR_3,
UK,UKD52,UKD63,UKE31,NUTS3,GBR_3,
UK,UKE41,UKD71,UKE32,NUTS3,GBR_3,
UK,UKE42,UKD73,UKE41,NUTS3,GBR_3,
UK,UKD51,UKD74,UKE42,NUTS3,GBR_3,
UK,UKE32,UKE13,UKE44,NUTS3,GBR_3,
UK,UKD42,UKE31,UKE45,NUTS3,GBR_3,
UK,UKF15,UKE32,UKF11,NUTS3,GBR_3,
UK,UKD21,UKE41,UKF12,NUTS3,GBR_3,
UK,UKE43,UKE42,UKF13,NUTS3,GBR_3,
UK,UKD41,UKE44,UKF14,NUTS3,GBR_3,
UK,UKD54,UKE45,UKF15,NUTS3,GBR_3,
UK,UKF14,UKF11,UKF16,NUTS3,GBR_3,
UK,UKG31,UKF12,UKF21,NUTS3,GBR_3,
UK,UKL11,UKF13,UKL23,NUTS3,GBR_3,
UK,UKD22,UKF14,UKD43,NUTS3,GBR_3,
UK,UKG22,UKF15,UKD61,NUTS3,GBR_3,
UK,UKG34,UKF21,UKD41,NUTS3,GBR_3,
UK,UKF22,UKG24,UKD42,NUTS3,GBR_3,
UK,UKF11,UKG36,UKG12,NUTS3,GBR_3,
UK,UKG32,UKG32,UKG13,NUTS3,GBR_3,
UK,UKL23,UKG39,UKG21,NUTS3,GBR_3,
UK,UKL13,UKG31,UKG22,NUTS3,GBR_3,
UK,UKF12,UKL11,UKG23,NUTS3,GBR_3,
UK,UKL24,UKL12,UKF30,NUTS3,GBR_3,
UK,UKG33,UKL13,UKG24,NUTS3,GBR_3,
UK,UKG12,UKL14,UKG31,NUTS3,GBR_3,
UK,UKG11,UKG38,UKG32,NUTS3,GBR_3,
UK,UKL22,UKL15,UKG33,NUTS3,GBR_3,
UK,UKL14,UKL17,UKG36,NUTS3,GBR_3,
UK,,UKL18,UKD31,NUTS3,GBR_3,
UK,,UKL21,UKD32,NUTS3,GBR_3,
UK,,UKL22,UKF22,NUTS3,GBR_3,
UK,,UKL23,UKG11,NUTS3,GBR_3,
UK,,UKL24,,NUTS3,GBR_3,
UK,,UKL16,,NUTS3,GBR_3,
UK,,UKG37,,NUTS3,GBR_3,
UK,,UKD35,,NUTS3,GBR_3,
UK,,UKG33,,NUTS3,GBR_3,
UK,,UKD34,,NUTS3,GBR_3,
UK,UKM24,UKM91,UKC12,NUTS3,GBR_4,
UK,UKM33,UKM75,UKE21,NUTS3,GBR_4,
UK,UKM38,UKM94,UKC13,NUTS3,GBR_4,
UK,UKC21,UKM95,UKE12,NUTS3,GBR_4,
UK,UKC12,UKE12,UKE11,NUTS3,GBR_4,
UK,UKC13,UKE11,UKC14,NUTS3,GBR_4,
UK,UKM23,UKE22,UKC22,NUTS3,GBR_4,
UK,UKM28,UKM78,UKC23,NUTS3,GBR_4,
UK,UKM25,UKM92,UKD11,NUTS3,GBR_4,
UK,UKE22,UKC11,UKD12,NUTS3,GBR_4,
UK,UKD11,UKC13,UKE22,NUTS3,GBR_4,
UK,UKD12,UKC14,UKC21,NUTS3,GBR_4,
UK,UKE21,UKC21,UKM33,NUTS3,GBR_4,
UK,UKC22,UKM73,UKM38,NUTS3,GBR_4,
UK,UKC23,UKC22,UKM23,NUTS3,GBR_4,
UK,UKC14,UKC23,UKM24,NUTS3,GBR_4,
UK,UKC11,UKD11,UKM25,NUTS3,GBR_4,
UK,UKM37,UKD12,UKM28,NUTS3,GBR_4,
UK,UKE11,UKE21,UKM32,NUTS3,GBR_4,
UK,UKE12,UKC12,UKM37,NUTS3,GBR_4,
UK,UKM32,UKM93,UKC11,NUTS3,GBR_4,
UK,UKM35,UKM71,UKM21,NUTS3,GBR_5,
UK,UKM34,UKM82,UKM50,NUTS3,GBR_5,
UK,UKM21,UKM83,UKM61,NUTS3,GBR_5,
UK,UKM27,UKM81,UKM62,NUTS3,GBR_5,
UK,UKM62,UKM65,UKM63,NUTS3,GBR_5,
UK,UKM50,UKM66,UKM64,NUTS3,GBR_5,
UK,UKM22,UKM84,UKM65,NUTS3,GBR_5,
UK,UKM61,UKM64,UKM66,NUTS3,GBR_5,
UK,UKM31,UKM63,UKM22,NUTS3,GBR_5,
UK,UKM26,UKM62,UKM26,NUTS3,GBR_5,
UK,UKM36,UKM77,UKM27,NUTS3,GBR_5,
UK,UKM63,UKM61,UKM36,NUTS3,GBR_5,
UK,UKM64,UKM72,UKM35,NUTS3,GBR_5,
UK,UKM65,UKM50,UKM34,NUTS3,GBR_5,
UK,UKM66,UKM76,UKM31,NUTS3,GBR_5,
UK,UKN01,UKN07,UKN01,NUTS3,GBR_6,
UK,UKN02,UKN13,UKN05,NUTS3,GBR_6,
UK,UKN03,UKN14,UKN03,NUTS3,GBR_6,
UK,UKN04,UKN09,UKN04,NUTS3,GBR_6,
UK,UKN05,UKN08,UKN02,NUTS3,GBR_6,
UK,,UKN10,,NUTS3,GBR_6,
UK,,UKN16,,NUTS3,GBR_6,
UK,,UKN15,,NUTS3,GBR_6,
UK,,UKN12,,NUTS3,GBR_6,
UK,,UKN11,,NUTS3,GBR_6,
UK,,UKN06,,NUTS3,GBR_6,
RU,,,,GADM,RUS_1,Outside the modelled system
UA,,,,GADM,UKR_1,Outside the modelled system
TR,,,,GADM,TUR_1,Outside the modelled system
MA,,,,GADM,MAR_1,Outside the modelled system
DZ,,,,GADM,DZA_1,Outside the modelled system
TN,,,,GADM,TUN_1,Outside the modelled system
LY,,,,GADM,LBY_1,Outside the modelled system
CY,,,,GADM,CYP_1,Added to the modelled system
EG,,,,GADM,EGY_1,Outside the modelled system
IS,,,,NUTS0,ISL_1,Added to the modelled system